<?xml version="1.0" encoding="UTF-8"?>
<FileZilla3 version="3.39.0" platform="*nix">
	<Servers>
		<Folder expanded="1">Sites IGN<Folder expanded="1">IGN-cartes<Server>
					<Host>ftp3.ign.fr</Host>
					<Port>21</Port>
					<Protocol>6</Protocol>
					<Type>0</Type>
					<User>SCAN_EM_10K_ext</User>
					<Pass encoding="base64">dWZlZVkwbm9vS29XaWVwaA==</Pass>
					<Logontype>1</Logontype>
					<TimezoneOffset>0</TimezoneOffset>
					<PasvMode>MODE_DEFAULT</PasvMode>
					<MaximumMultipleConnections>0</MaximumMultipleConnections>
					<EncodingType>Auto</EncodingType>
					<BypassProxy>0</BypassProxy>
					<Name>Plan IGN</Name>
					<Comments />
					<Colour>0</Colour>
					<LocalDir />
					<RemoteDir />
					<SyncBrowsing>0</SyncBrowsing>
					<DirectoryComparison>0</DirectoryComparison>
				</Server>
				<Server>
					<Host>ftp3.ign.fr</Host>
					<Port>21</Port>
					<Protocol>6</Protocol>
					<Type>0</Type>
					<User>SCAN_1000_ext</User>
					<Pass encoding="base64">SmVlM2Nob2g2aWV6b29jZQ==</Pass>
					<Logontype>1</Logontype>
					<TimezoneOffset>0</TimezoneOffset>
					<PasvMode>MODE_DEFAULT</PasvMode>
					<MaximumMultipleConnections>0</MaximumMultipleConnections>
					<EncodingType>Auto</EncodingType>
					<BypassProxy>0</BypassProxy>
					<Name>Scan 1000</Name>
					<Comments />
					<Colour>0</Colour>
					<LocalDir />
					<RemoteDir />
					<SyncBrowsing>0</SyncBrowsing>
					<DirectoryComparison>0</DirectoryComparison>
				</Server>
				<Server>
					<Host>ftp3.ign.fr</Host>
					<Port>21</Port>
					<Protocol>6</Protocol>
					<Type>0</Type>
					<User>SCAN_50_1950_ext</User>
					<Pass encoding="base64">SG9oc2hvb3plZTRhdTVNaQ==</Pass>
					<Logontype>1</Logontype>
					<TimezoneOffset>0</TimezoneOffset>
					<PasvMode>MODE_DEFAULT</PasvMode>
					<MaximumMultipleConnections>0</MaximumMultipleConnections>
					<EncodingType>Auto</EncodingType>
					<BypassProxy>0</BypassProxy>
					<Name>Scan 50 historique</Name>
					<Comments />
					<Colour>0</Colour>
					<LocalDir />
					<RemoteDir />
					<SyncBrowsing>0</SyncBrowsing>
					<DirectoryComparison>0</DirectoryComparison>
				</Server>
				<Server>
					<Host>ftp3.ign.fr</Host>
					<Port>21</Port>
					<Protocol>6</Protocol>
					<Type>0</Type>
					<User>SCAN_EM_10K_ext</User>
					<Pass encoding="base64">dWZlZVkwbm9vS29XaWVwaA==</Pass>
					<Logontype>1</Logontype>
					<TimezoneOffset>0</TimezoneOffset>
					<PasvMode>MODE_DEFAULT</PasvMode>
					<MaximumMultipleConnections>0</MaximumMultipleConnections>
					<EncodingType>Auto</EncodingType>
					<BypassProxy>0</BypassProxy>
					<Name>Scan Etat Major 10k</Name>
					<Comments />
					<Colour>0</Colour>
					<LocalDir />
					<RemoteDir />
					<SyncBrowsing>0</SyncBrowsing>
					<DirectoryComparison>0</DirectoryComparison>
				</Server>
				<Server>
					<Host>ftp3.ign.fr</Host>
					<Port>21</Port>
					<Protocol>6</Protocol>
					<Type>0</Type>
					<User>SCAN_EM_40K_ext</User>
					<Pass encoding="base64">dm9od29vMGFpcmlDaGEyYQ==</Pass>
					<Logontype>1</Logontype>
					<TimezoneOffset>0</TimezoneOffset>
					<PasvMode>MODE_DEFAULT</PasvMode>
					<MaximumMultipleConnections>0</MaximumMultipleConnections>
					<EncodingType>Auto</EncodingType>
					<BypassProxy>0</BypassProxy>
					<Name>Scan Etat Major 40k</Name>
					<Comments />
					<Colour>0</Colour>
					<LocalDir />
					<RemoteDir />
					<SyncBrowsing>0</SyncBrowsing>
					<DirectoryComparison>0</DirectoryComparison>
				</Server>
				<Server>
					<Host>ftp3.ign.fr</Host>
					<Port>21</Port>
					<Protocol>6</Protocol>
					<Type>0</Type>
					<User>SCAN_Regional_ext</User>
					<Pass encoding="base64">T293M0FpcGhlaTZhaExhZQ==</Pass>
					<Logontype>1</Logontype>
					<TimezoneOffset>0</TimezoneOffset>
					<PasvMode>MODE_DEFAULT</PasvMode>
					<MaximumMultipleConnections>0</MaximumMultipleConnections>
					<EncodingType>Auto</EncodingType>
					<BypassProxy>0</BypassProxy>
					<Name>Scan Régional</Name>
					<Comments />
					<Colour>0</Colour>
					<LocalDir />
					<RemoteDir />
					<SyncBrowsing>0</SyncBrowsing>
					<DirectoryComparison>0</DirectoryComparison>
				</Server>
			</Folder>
			<Folder expanded="1">IGN-numerique 3D<Server>
					<Host>ftp3.ign.fr</Host>
					<Port>21</Port>
					<Protocol>6</Protocol>
					<Type>0</Type>
					<User>RGE_ALTI_ext</User>
					<Pass encoding="base64">VGhhZTVlZXJvaHNlaTh2ZQ==</Pass>
					<Logontype>1</Logontype>
					<TimezoneOffset>0</TimezoneOffset>
					<PasvMode>MODE_DEFAULT</PasvMode>
					<MaximumMultipleConnections>0</MaximumMultipleConnections>
					<EncodingType>Auto</EncodingType>
					<BypassProxy>0</BypassProxy>
					<Name>RGE Alti</Name>
					<Comments />
					<Colour>0</Colour>
					<LocalDir />
					<RemoteDir />
					<SyncBrowsing>0</SyncBrowsing>
					<DirectoryComparison>0</DirectoryComparison>
				</Server>
			</Folder>
			<Folder expanded="1">IGN-ortho images<Server>
					<Host>ftp3.ign.fr</Host>
					<Port>21</Port>
					<Protocol>6</Protocol>
					<Type>0</Type>
					<User>ORTHO_HR_NL_ext</User>
					<Pass encoding="base64">cHVpd2VlcDJCb2gzb2hzaA==</Pass>
					<Logontype>1</Logontype>
					<TimezoneOffset>0</TimezoneOffset>
					<PasvMode>MODE_DEFAULT</PasvMode>
					<MaximumMultipleConnections>0</MaximumMultipleConnections>
					<EncodingType>Auto</EncodingType>
					<BypassProxy>0</BypassProxy>
					<Name>BD Ortho</Name>
					<Comments />
					<Colour>0</Colour>
					<LocalDir />
					<RemoteDir />
					<SyncBrowsing>0</SyncBrowsing>
					<DirectoryComparison>0</DirectoryComparison>
				</Server>
				<Server>
					<Host>ftp3.ign.fr</Host>
					<Port>21</Port>
					<Protocol>6</Protocol>
					<Type>0</Type>
					<User>BD_ORTHO_IRC_ext</User>
					<Pass encoding="base64">YWl4bzVhZURlZXkyTGFodw==</Pass>
					<Logontype>1</Logontype>
					<TimezoneOffset>0</TimezoneOffset>
					<PasvMode>MODE_DEFAULT</PasvMode>
					<MaximumMultipleConnections>0</MaximumMultipleConnections>
					<EncodingType>Auto</EncodingType>
					<BypassProxy>0</BypassProxy>
					<Name>BD Ortho IRC</Name>
					<Comments />
					<Colour>0</Colour>
					<LocalDir />
					<RemoteDir />
					<SyncBrowsing>0</SyncBrowsing>
					<DirectoryComparison>0</DirectoryComparison>
				</Server>
				<Server>
					<Host>ftp3.ign.fr</Host>
					<Port>21</Port>
					<Protocol>6</Protocol>
					<Type>0</Type>
					<User>BD_ORTHO_IRC_NL_ext</User>
					<Pass encoding="base64">amFuZWk2TmllNGllYmVpNQ==</Pass>
					<Logontype>1</Logontype>
					<TimezoneOffset>0</TimezoneOffset>
					<PasvMode>MODE_DEFAULT</PasvMode>
					<MaximumMultipleConnections>0</MaximumMultipleConnections>
					<EncodingType>Auto</EncodingType>
					<BypassProxy>0</BypassProxy>
					<Name>BD Ortho IRC NL</Name>
					<Comments />
					<Colour>0</Colour>
					<LocalDir />
					<RemoteDir />
					<SyncBrowsing>0</SyncBrowsing>
					<DirectoryComparison>0</DirectoryComparison>
				</Server>
				<Server>
					<Host>ftp3.ign.fr</Host>
					<Port>21</Port>
					<Protocol>6</Protocol>
					<Type>0</Type>
					<User>ORTHO_HR_ext</User>
					<Pass encoding="base64">SXRoYWNhaDZvcGhhaTJ2bw==</Pass>
					<Logontype>1</Logontype>
					<TimezoneOffset>0</TimezoneOffset>
					<PasvMode>MODE_DEFAULT</PasvMode>
					<MaximumMultipleConnections>0</MaximumMultipleConnections>
					<EncodingType>Auto</EncodingType>
					<BypassProxy>0</BypassProxy>
					<Name>BD Ortho ancienne</Name>
					<Comments />
					<Colour>0</Colour>
					<LocalDir />
					<RemoteDir />
					<SyncBrowsing>0</SyncBrowsing>
					<DirectoryComparison>0</DirectoryComparison>
				</Server>
			</Folder>
			<Folder expanded="1">IGN-parcellaire cadastral<Server>
					<Host>ftp3.ign.fr</Host>
					<Port>21</Port>
					<Protocol>6</Protocol>
					<Type>0</Type>
					<User>BD_PARCELLAIRE_ext</User>
					<Pass encoding="base64">UGhlaXk1YWhnaGVpc2hpOQ==</Pass>
					<Logontype>1</Logontype>
					<TimezoneOffset>0</TimezoneOffset>
					<PasvMode>MODE_DEFAULT</PasvMode>
					<MaximumMultipleConnections>0</MaximumMultipleConnections>
					<EncodingType>Auto</EncodingType>
					<BypassProxy>0</BypassProxy>
					<Name>BD parcellaire</Name>
					<Comments />
					<Colour>0</Colour>
					<LocalDir />
					<RemoteDir />
					<SyncBrowsing>0</SyncBrowsing>
					<DirectoryComparison>0</DirectoryComparison>
				</Server>
				<Server>
					<Host>ftp3.ign.fr</Host>
					<Port>21</Port>
					<Protocol>6</Protocol>
					<Type>0</Type>
					<User>Parcel_Expr_PCI_BETA_ext</User>
					<Pass encoding="base64">YWhmN2pvb05nMnRoYWlTaA==</Pass>
					<Logontype>1</Logontype>
					<TimezoneOffset>0</TimezoneOffset>
					<PasvMode>MODE_DEFAULT</PasvMode>
					<MaximumMultipleConnections>0</MaximumMultipleConnections>
					<EncodingType>Auto</EncodingType>
					<BypassProxy>0</BypassProxy>
					<Name>Parcellaire Express</Name>
					<Comments />
					<Colour>0</Colour>
					<LocalDir />
					<RemoteDir />
					<SyncBrowsing>0</SyncBrowsing>
					<DirectoryComparison>0</DirectoryComparison>
				</Server>
			</Folder>
			<Folder expanded="1">IGN-vectoriel<Server>
					<Host>ftp3.ign.fr</Host>
					<Port>21</Port>
					<Protocol>6</Protocol>
					<Type>0</Type>
					<User>Admin_Express_ext</User>
					<Pass encoding="base64">RGFobm9oMGVpZ2hlZUZvaw==</Pass>
					<Logontype>1</Logontype>
					<TimezoneOffset>0</TimezoneOffset>
					<PasvMode>MODE_DEFAULT</PasvMode>
					<MaximumMultipleConnections>0</MaximumMultipleConnections>
					<EncodingType>Auto</EncodingType>
					<BypassProxy>0</BypassProxy>
					<Name>Admin Express - Geofla</Name>
					<Comments />
					<Colour>0</Colour>
					<LocalDir />
					<RemoteDir />
					<SyncBrowsing>0</SyncBrowsing>
					<DirectoryComparison>0</DirectoryComparison>
				</Server>
				<Server>
					<Host>ftp3.ign.fr</Host>
					<Port>21</Port>
					<Protocol>6</Protocol>
					<Type>0</Type>
					<User>ADRESSSE_PREMIUM_ext</User>
					<Pass encoding="base64">YWlMaWVIN3ZlZTlkZWVIMQ==</Pass>
					<Logontype>1</Logontype>
					<TimezoneOffset>0</TimezoneOffset>
					<PasvMode>MODE_DEFAULT</PasvMode>
					<MaximumMultipleConnections>0</MaximumMultipleConnections>
					<EncodingType>Auto</EncodingType>
					<BypassProxy>0</BypassProxy>
					<Name>Adresse Premium</Name>
					<Comments />
					<Colour>0</Colour>
					<LocalDir />
					<RemoteDir />
					<SyncBrowsing>0</SyncBrowsing>
					<DirectoryComparison>0</DirectoryComparison>
				</Server>
				<Server>
					<Host>ftp3.ign.fr</Host>
					<Port>21</Port>
					<Protocol>6</Protocol>
					<Type>0</Type>
					<User>BD_CARTO_ext</User>
					<Pass encoding="base64">T29yNGVsOGFlTTNpbzBKaQ==</Pass>
					<Logontype>1</Logontype>
					<TimezoneOffset>0</TimezoneOffset>
					<PasvMode>MODE_DEFAULT</PasvMode>
					<MaximumMultipleConnections>0</MaximumMultipleConnections>
					<EncodingType>Auto</EncodingType>
					<BypassProxy>0</BypassProxy>
					<Name>BD Carto</Name>
					<Comments />
					<Colour>0</Colour>
					<LocalDir />
					<RemoteDir />
					<SyncBrowsing>0</SyncBrowsing>
					<DirectoryComparison>0</DirectoryComparison>
				</Server>
				<Server>
					<Host>ftp3.ign.fr</Host>
					<Port>21</Port>
					<Protocol>6</Protocol>
					<Type>0</Type>
					<User>BD_TOPO_ext</User>
					<Pass encoding="base64">aW5pZTBBaXlhaWc2ZWVWYQ==</Pass>
					<Logontype>1</Logontype>
					<TimezoneOffset>0</TimezoneOffset>
					<PasvMode>MODE_DEFAULT</PasvMode>
					<MaximumMultipleConnections>0</MaximumMultipleConnections>
					<EncodingType>Auto</EncodingType>
					<BypassProxy>0</BypassProxy>
					<Name>BD Ortho 2018</Name>
					<Comments />
					<Colour>0</Colour>
					<LocalDir />
					<RemoteDir />
					<SyncBrowsing>0</SyncBrowsing>
					<DirectoryComparison>0</DirectoryComparison>
				</Server>
				<Server>
					<Host>ftp3.ign.fr</Host>
					<Port>21</Port>
					<Protocol>6</Protocol>
					<Type>0</Type>
					<User>BDTOPO_V3_NL_ext</User>
					<Pass encoding="base64">T2hwM3F1YXoyYWlkZWVsNA==</Pass>
					<Logontype>1</Logontype>
					<TimezoneOffset>0</TimezoneOffset>
					<PasvMode>MODE_DEFAULT</PasvMode>
					<MaximumMultipleConnections>0</MaximumMultipleConnections>
					<EncodingType>Auto</EncodingType>
					<BypassProxy>0</BypassProxy>
					<Name>BD Ortho V3</Name>
					<Comments />
					<Colour>0</Colour>
					<LocalDir />
					<RemoteDir />
					<SyncBrowsing>0</SyncBrowsing>
					<DirectoryComparison>0</DirectoryComparison>
				</Server>
				<Server>
					<Host>ftp3.ign.fr</Host>
					<Port>21</Port>
					<Protocol>6</Protocol>
					<Type>0</Type>
					<User>BD_Foret_V1_et_V2_ext</User>
					<Pass encoding="base64">YWQzUGhlcXUySXhhZTdvaA==</Pass>
					<Logontype>1</Logontype>
					<TimezoneOffset>0</TimezoneOffset>
					<PasvMode>MODE_DEFAULT</PasvMode>
					<MaximumMultipleConnections>0</MaximumMultipleConnections>
					<EncodingType>Auto</EncodingType>
					<BypassProxy>0</BypassProxy>
					<Name>BD foret V1 V2</Name>
					<Comments />
					<Colour>0</Colour>
					<LocalDir />
					<RemoteDir />
					<SyncBrowsing>0</SyncBrowsing>
					<DirectoryComparison>0</DirectoryComparison>
				</Server>
				<Server>
					<Host>ftp3.ign.fr</Host>
					<Port>21</Port>
					<Protocol>6</Protocol>
					<Type>0</Type>
					<User>BDPR_ext</User>
					<Pass encoding="base64">YmUzYWFkb1Zvem9oZ2hpZQ==</Pass>
					<Logontype>1</Logontype>
					<TimezoneOffset>0</TimezoneOffset>
					<PasvMode>MODE_DEFAULT</PasvMode>
					<MaximumMultipleConnections>0</MaximumMultipleConnections>
					<EncodingType>Auto</EncodingType>
					<BypassProxy>0</BypassProxy>
					<Name>BDPR</Name>
					<Comments />
					<Colour>0</Colour>
					<LocalDir />
					<RemoteDir />
					<SyncBrowsing>0</SyncBrowsing>
					<DirectoryComparison>0</DirectoryComparison>
				</Server>
				<Server>
					<Host>ftp3.ign.fr</Host>
					<Port>21</Port>
					<Protocol>6</Protocol>
					<Type>0</Type>
					<User>Contours_IRIS_ext</User>
					<Pass encoding="base64">YW82UGh1NW9oSjRqYWVqaQ==</Pass>
					<Logontype>1</Logontype>
					<TimezoneOffset>0</TimezoneOffset>
					<PasvMode>MODE_DEFAULT</PasvMode>
					<MaximumMultipleConnections>0</MaximumMultipleConnections>
					<EncodingType>Auto</EncodingType>
					<BypassProxy>0</BypassProxy>
					<Name>Contour IRIS</Name>
					<Comments />
					<Colour>0</Colour>
					<LocalDir />
					<RemoteDir />
					<SyncBrowsing>0</SyncBrowsing>
					<DirectoryComparison>0</DirectoryComparison>
				</Server>
				<Server>
					<Host>ftp3.ign.fr</Host>
					<Port>21</Port>
					<Protocol>6</Protocol>
					<Type>0</Type>
					<User>DNSB_ext</User>
					<Pass encoding="base64">QWhDM21vZTNwZWVnb2hjbw==</Pass>
					<Logontype>1</Logontype>
					<TimezoneOffset>0</TimezoneOffset>
					<PasvMode>MODE_DEFAULT</PasvMode>
					<MaximumMultipleConnections>0</MaximumMultipleConnections>
					<EncodingType>Auto</EncodingType>
					<BypassProxy>0</BypassProxy>
					<Name>DN suivi bocage</Name>
					<Comments />
					<Colour>0</Colour>
					<LocalDir />
					<RemoteDir />
					<SyncBrowsing>0</SyncBrowsing>
					<DirectoryComparison>0</DirectoryComparison>
				</Server>
				<Server>
					<Host>ftp3.ign.fr</Host>
					<Port>21</Port>
					<Protocol>6</Protocol>
					<Type>0</Type>
					<User>EGM_ext</User>
					<Pass encoding="base64">b29yb292NWpldTJDYWgxbg==</Pass>
					<Logontype>1</Logontype>
					<TimezoneOffset>0</TimezoneOffset>
					<PasvMode>MODE_DEFAULT</PasvMode>
					<MaximumMultipleConnections>0</MaximumMultipleConnections>
					<EncodingType>Auto</EncodingType>
					<BypassProxy>0</BypassProxy>
					<Name>EuropeanGlobalMap</Name>
					<Comments />
					<Colour>0</Colour>
					<LocalDir />
					<RemoteDir />
					<SyncBrowsing>0</SyncBrowsing>
					<DirectoryComparison>0</DirectoryComparison>
				</Server>
				<Server>
					<Host>ftp3.ign.fr</Host>
					<Port>21</Port>
					<Protocol>6</Protocol>
					<Type>0</Type>
					<User>GEODESIE_ext</User>
					<Pass encoding="base64">b2hxdWUxbGFpU29vY2hvOA==</Pass>
					<Logontype>1</Logontype>
					<TimezoneOffset>0</TimezoneOffset>
					<PasvMode>MODE_DEFAULT</PasvMode>
					<MaximumMultipleConnections>0</MaximumMultipleConnections>
					<EncodingType>Auto</EncodingType>
					<BypassProxy>0</BypassProxy>
					<Name>Geodesie</Name>
					<Comments />
					<Colour>0</Colour>
					<LocalDir />
					<RemoteDir />
					<SyncBrowsing>0</SyncBrowsing>
					<DirectoryComparison>0</DirectoryComparison>
				</Server>
				<Server>
					<Host>ftp3.ign.fr</Host>
					<Port>21</Port>
					<Protocol>6</Protocol>
					<Type>0</Type>
					<User>Iris_GE_ext</User>
					<Pass encoding="base64">ZWVMb293MWdvaFMxT290OQ==</Pass>
					<Logontype>1</Logontype>
					<TimezoneOffset>0</TimezoneOffset>
					<PasvMode>MODE_DEFAULT</PasvMode>
					<MaximumMultipleConnections>0</MaximumMultipleConnections>
					<EncodingType>Auto</EncodingType>
					<BypassProxy>0</BypassProxy>
					<Name>IRIS GE</Name>
					<Comments />
					<Colour>0</Colour>
					<LocalDir />
					<RemoteDir />
					<SyncBrowsing>0</SyncBrowsing>
					<DirectoryComparison>0</DirectoryComparison>
				</Server>
				<Server>
					<Host>ftp3.ign.fr</Host>
					<Port>21</Port>
					<Protocol>6</Protocol>
					<Type>0</Type>
					<User>OCS_GE_ext</User>
					<Pass encoding="base64">T2hjaW96aWV4NUVlVzBmZQ==</Pass>
					<Logontype>1</Logontype>
					<TimezoneOffset>0</TimezoneOffset>
					<PasvMode>MODE_DEFAULT</PasvMode>
					<MaximumMultipleConnections>0</MaximumMultipleConnections>
					<EncodingType>Auto</EncodingType>
					<BypassProxy>0</BypassProxy>
					<Name>OCS GE</Name>
					<Comments />
					<Colour>0</Colour>
					<LocalDir />
					<RemoteDir />
					<SyncBrowsing>0</SyncBrowsing>
					<DirectoryComparison>0</DirectoryComparison>
				</Server>
				<Server>
					<Host>ftp3.ign.fr</Host>
					<Port>21</Port>
					<Protocol>6</Protocol>
					<Type>0</Type>
					<User>RPG_ext</User>
					<Pass encoding="base64">cXVvb2phaWNhaXF1NmFoRA==</Pass>
					<Logontype>1</Logontype>
					<TimezoneOffset>0</TimezoneOffset>
					<PasvMode>MODE_DEFAULT</PasvMode>
					<MaximumMultipleConnections>0</MaximumMultipleConnections>
					<EncodingType>Auto</EncodingType>
					<BypassProxy>0</BypassProxy>
					<Name>RPG</Name>
					<Comments />
					<Colour>0</Colour>
					<LocalDir />
					<RemoteDir />
					<SyncBrowsing>0</SyncBrowsing>
					<DirectoryComparison>0</DirectoryComparison>
				</Server>
				<Server>
					<Host>ftp3.ign.fr</Host>
					<Port>21</Port>
					<Protocol>6</Protocol>
					<Type>0</Type>
					<User>ROUTE_500_ext</User>
					<Pass encoding="base64">VXF1ZWVtaWV2YWlEYWgzaw==</Pass>
					<Logontype>1</Logontype>
					<TimezoneOffset>0</TimezoneOffset>
					<PasvMode>MODE_DEFAULT</PasvMode>
					<MaximumMultipleConnections>0</MaximumMultipleConnections>
					<EncodingType>Auto</EncodingType>
					<BypassProxy>0</BypassProxy>
					<Name>Route 500</Name>
					<Comments />
					<Colour>0</Colour>
					<LocalDir />
					<RemoteDir />
					<SyncBrowsing>0</SyncBrowsing>
					<DirectoryComparison>0</DirectoryComparison>
				</Server>
			</Folder>
		</Folder>
	</Servers>
</FileZilla3>
