<?xml version='1.0' encoding='UTF-8'?>
<Muscate_Metadata_Document xmlns:xsi="http://www.w3.org/2001/XMLSchema-instance" xsi:noNamespaceSchemaLocation="..\PSC-SL-411-0032-CG_Schemas\Muscate_Metadata.xsd">
  <Metadata_Identification>
    <METADATA_FORMAT version="1.14">METADATA_MUSCATE</METADATA_FORMAT>
    <METADATA_PROFILE>GENERIC</METADATA_PROFILE>
    <METADATA_INFORMATION>EXPERT</METADATA_INFORMATION>
  </Metadata_Identification>
  <Dataset_Identification>
    <IDENTIFIER>SENTINEL2A_20170726-102259-590_L2B-SNOW_T32TLP_C</IDENTIFIER>
    <AUTHORITY>THEIA</AUTHORITY>
    <PRODUCER>MUSCATE</PRODUCER>
    <PROJECT>SENTINEL2</PROJECT>
    <GEOGRAPHICAL_ZONE type="Tile">T32TLP</GEOGRAPHICAL_ZONE>
    <ORIGINAL_DATA_DIFFUSER>SGS_</ORIGINAL_DATA_DIFFUSER>
  </Dataset_Identification>
  <Product_Characteristics>
    <PRODUCT_ID>SENTINEL2A_20170726-102259-590_L2B-SNOW_T32TLP_C_V1-7</PRODUCT_ID>
    <ACQUISITION_DATE>2017-07-26T10:22:59.590Z</ACQUISITION_DATE>
    <PRODUCTION_DATE>2019-11-13T22:07:11.357Z</PRODUCTION_DATE>
    <PRODUCT_VERSION>1.7</PRODUCT_VERSION>
    <PRODUCT_LEVEL>L2B-SNOW</PRODUCT_LEVEL>
    <PLATFORM>SENTINEL2A</PLATFORM>
    <ORBIT_NUMBER type="Orbit">10930</ORBIT_NUMBER>
    <UTC_Acquisition_Range>
      <MEAN>2017-07-26T10:22:59.590Z</MEAN>
      <DATE_PRECISION unit="s">0.001</DATE_PRECISION>
    </UTC_Acquisition_Range>
    <Band_Global_List count="1">
      <BAND_ID>SNW</BAND_ID>
    </Band_Global_List>
    <Band_Group_List>
      <Group group_id="R2">
        <Band_List count="1">
          <BAND_ID>SNW</BAND_ID>
        </Band_List>
      </Group>
    </Band_Group_List>
  </Product_Characteristics>
  <Product_Organisation>
    <Muscate_Product>
      <QUICKLOOK bands_id="SNW">./SENTINEL2A_20170726-102259-590_L2B-SNOW_T32TLP_C_V1-7_QKL_ALL.jpg</QUICKLOOK>
      <Image_List>
        <Image>
          <Image_Properties>
            <NATURE>Composite</NATURE>
            <FORMAT>image/tiff</FORMAT>
          </Image_Properties>
          <Image_File_List>
            <IMAGE_FILE group_id="R2">SENTINEL2A_20170726-102259-590_L2B-SNOW_T32TLP_C_V1-7_CMP_R2.tif</IMAGE_FILE>
          </Image_File_List>
        </Image>
        <Image>
          <Image_Properties>
            <NATURE>Snow</NATURE>
            <FORMAT>image/tiff</FORMAT>
          </Image_Properties>
          <Image_File_List>
            <IMAGE_FILE group_id="R2">SENTINEL2A_20170726-102259-590_L2B-SNOW_T32TLP_C_V1-7_SNW_R2.tif</IMAGE_FILE>
          </Image_File_List>
        </Image>
        <Image>
          <Image_Properties>
            <NATURE>Snow</NATURE>
            <FORMAT>application/octet-stream</FORMAT>
          </Image_Properties>
          <Image_File_List>
            <IMAGE_FILE group_id="R2">SENTINEL2A_20170726-102259-590_L2B-SNOW_T32TLP_C_V1-7_SNW_R2.dbf</IMAGE_FILE>
            <IMAGE_FILE group_id="R2">SENTINEL2A_20170726-102259-590_L2B-SNOW_T32TLP_C_V1-7_SNW_R2.prj</IMAGE_FILE>
            <IMAGE_FILE group_id="R2">SENTINEL2A_20170726-102259-590_L2B-SNOW_T32TLP_C_V1-7_SNW_R2.shp</IMAGE_FILE>
            <IMAGE_FILE group_id="R2">SENTINEL2A_20170726-102259-590_L2B-SNOW_T32TLP_C_V1-7_SNW_R2.shx</IMAGE_FILE>
          </Image_File_List>
        </Image>
        <Image>
          <Image_Properties>
            <NATURE>Visualisation</NATURE>
            <FORMAT>image/tiff</FORMAT>
          </Image_Properties>
          <Image_File_List>
            <IMAGE_FILE group_id="R2">SENTINEL2A_20170726-102259-590_L2B-SNOW_T32TLP_C_V1-7_VIS_R2.tif</IMAGE_FILE>
          </Image_File_List>
        </Image>
      </Image_List>
      <Mask_List>
        <Mask>
          <Mask_Properties>
            <NATURE>Snow_Detection</NATURE>
            <FORMAT>image/tiff</FORMAT>
          </Mask_Properties>
          <Mask_File_List>
            <MASK_FILE group_id="R2">MASKS/SENTINEL2A_20170726-102259-590_L2B-SNOW_T32TLP_C_V1-7_EXS_R2.tif</MASK_FILE>
          </Mask_File_List>
        </Mask>
      </Mask_List>
      <Data_List>
        <Data>
          <Data_Properties>
            <NATURE>Histogram</NATURE>
            <FORMAT>text/csv</FORMAT>
          </Data_Properties>
          <Data_File_List>
            <DATA_FILE group_id="R2">DATA/SENTINEL2A_20170726-102259-590_L2B-SNOW_T32TLP_C_V1-7_HIS_R2.txt</DATA_FILE>
          </Data_File_List>
        </Data>
      </Data_List>
    </Muscate_Product>
  </Product_Organisation>
  <Geoposition_Informations>
    <Coordinate_Reference_System>
      <GEO_TABLES>EPSG</GEO_TABLES>
      <Horizontal_Coordinate_System>
        <HORIZONTAL_CS_TYPE>PROJECTED</HORIZONTAL_CS_TYPE>
        <HORIZONTAL_CS_NAME>WGS 84 / UTM zone 32N</HORIZONTAL_CS_NAME>
        <HORIZONTAL_CS_CODE>32632</HORIZONTAL_CS_CODE>
      </Horizontal_Coordinate_System>
    </Coordinate_Reference_System>
    <Raster_CS>
      <RASTER_CS_TYPE>CELL</RASTER_CS_TYPE>
      <PIXEL_ORIGIN>0</PIXEL_ORIGIN>
    </Raster_CS>
    <Metadata_CS>
      <METADATA_CS_TYPE>CELL</METADATA_CS_TYPE>
      <PIXEL_ORIGIN>0</PIXEL_ORIGIN>
    </Metadata_CS>
    <Geopositioning>
      <Global_Geopositioning>
        <Point name="upperLeft">
          <LAT>44.2259641543</LAT>
          <LON>6.49592859292</LON>
          <X>300000.0</X>
          <Y>4900020.0</Y>
        </Point>
        <Point name="upperRight">
          <LAT>44.2478306835</LAT>
          <LON>7.87023728677</LON>
          <X>409800.0</X>
          <Y>4900020.0</Y>
        </Point>
        <Point name="lowerRight">
          <LAT>43.2593919101</LAT>
          <LON>7.8886830142</LON>
          <X>409800.0</X>
          <Y>4790220.0</Y>
        </Point>
        <Point name="lowerLeft">
          <LAT>43.2382625528</LAT>
          <LON>6.53677232315</LON>
          <X>300000.0</X>
          <Y>4790220.0</Y>
        </Point>
        <Point name="center">
          <LAT>43.7449166539</LAT>
          <LON>7.19790522104</LON>
          <X>354900.0</X>
          <Y>4845120.0</Y>
        </Point>
      </Global_Geopositioning>
      <Group_Geopositioning_List>
        <Group_Geopositioning group_id="R2">
          <ULX>300000</ULX>
          <ULY>4900020</ULY>
          <XDIM>20</XDIM>
          <YDIM>-20</YDIM>
          <NROWS>5490</NROWS>
          <NCOLS>5490</NCOLS>
        </Group_Geopositioning>
      </Group_Geopositioning_List>
    </Geopositioning>
  </Geoposition_Informations>
  <Geometric_Informations>
    <Mean_Value_List>
      <Sun_Angles>
        <ZENITH_ANGLE unit="deg">28.3497631092891</ZENITH_ANGLE>
        <AZIMUTH_ANGLE unit="deg">143.971252624243</AZIMUTH_ANGLE>
      </Sun_Angles>
      <Incidence_Angles>
        <ZENITH_ANGLE unit="deg">NaN</ZENITH_ANGLE>
        <AZIMUTH_ANGLE unit="deg">NaN</AZIMUTH_ANGLE>
      </Incidence_Angles>
    </Mean_Value_List>
  </Geometric_Informations>
  <Radiometric_Informations>
    <Special_Values_List>
      <SPECIAL_VALUE name="unknown_identification">205</SPECIAL_VALUE>
      <SPECIAL_VALUE name="no_identification">0</SPECIAL_VALUE>
      <SPECIAL_VALUE name="snow_identification">100</SPECIAL_VALUE>
      <SPECIAL_VALUE name="nodata">254</SPECIAL_VALUE>
    </Special_Values_List>
    <Spectral_Band_Informations_List>
      <Spectral_Band_Informations band_id="SNW">
        <SPATIAL_RESOLUTION unit="m">20</SPATIAL_RESOLUTION>
      </Spectral_Band_Informations>
    </Spectral_Band_Informations_List>
  </Radiometric_Informations>
  <Quality_Informations>
    <Current_Product>
      <Product_Quality_List level="N2">
        <Product_Quality>
          <Source_Product>
            <PRODUCT_ID>SENTINEL2A_20170726-102259-590_L2A_T32TLP_C_V2-2</PRODUCT_ID>
            <ACQUISITION_DATE>2017-07-26T10:22:59.590Z</ACQUISITION_DATE>
            <PRODUCTION_DATE>2019-11-13T17:35:16.295Z</PRODUCTION_DATE>
          </Source_Product>
          <Global_Index_List>
            <QUALITY_INDEX name="CloudPercent">9</QUALITY_INDEX>
            <QUALITY_INDEX name="HotSpotDetected">false</QUALITY_INDEX>
            <QUALITY_INDEX name="RainDetected">false</QUALITY_INDEX>
            <QUALITY_INDEX name="SnowPercent">0</QUALITY_INDEX>
            <QUALITY_INDEX name="SunGlintDetected">false</QUALITY_INDEX>
          </Global_Index_List>
        </Product_Quality>
      </Product_Quality_List>
      <Product_Quality_List level="N2B_SNOW">
        <Product_Quality>
          <Source_Product>
            <PRODUCT_ID>SENTINEL2A_20170726-102259-590_L2B-SNOW_T32TLP_C_V1-7</PRODUCT_ID>
            <ACQUISITION_DATE>2017-07-26T10:22:59.590Z</ACQUISITION_DATE>
            <PRODUCTION_DATE>2019-11-13T22:07:11.357Z</PRODUCTION_DATE>
          </Source_Product>
          <Global_Index_List>
            <QUALITY_INDEX name="CloudPercent">7.4905046827</QUALITY_INDEX>
            <QUALITY_INDEX name="SnowPercent">0.0115795629156</QUALITY_INDEX>
            <QUALITY_INDEX name="ZS">-1</QUALITY_INDEX>
          </Global_Index_List>
        </Product_Quality>
      </Product_Quality_List>
    </Current_Product>
  </Quality_Informations>
  <Production_Informations>
    <Processing_Jobs_List>
      <Job>
        <WORKPLAN_ID>acquisition_produits_20170726_622</WORKPLAN_ID>
        <STEP_ID>conv_hyb</STEP_ID>
        <JOB_ID>1</JOB_ID>
        <PRODUCER_NAME>MUSCATE</PRODUCER_NAME>
        <START_PRODUCTION_DATE>2017-07-26T23:46:16.699551Z</START_PRODUCTION_DATE>
        <END_PRODUCTION_DATE>2017-07-26T23:47:52.578629Z</END_PRODUCTION_DATE>
        <Products_List>
          <Inputs_List>
            <PRODUCT>
              <PRODUCT_ID>S2A_MSIL1C_20170726T102021_N0205_R065_T32TLP_20170726T102259.SAFE</PRODUCT_ID>
              <ACQUISITION_DATE>2017-07-26T10:20:21.026Z</ACQUISITION_DATE>
              <PRODUCTION_DATE>2017-07-26T15:37:07Z</PRODUCTION_DATE>
            </PRODUCT>
          </Inputs_List>
          <Outputs_List>
            <PRODUCT>
              <PRODUCT_ID>SENTINEL2A_20170726-102259-590_L1C_T32TLP_H_V1-0</PRODUCT_ID>
              <ACQUISITION_DATE>2017-07-26T10:22:59.590Z</ACQUISITION_DATE>
              <PRODUCTION_DATE>2017-07-26T23:46:16.988147Z</PRODUCTION_DATE>
            </PRODUCT>
          </Outputs_List>
        </Products_List>
      </Job>
      <Job>
        <WORKPLAN_ID>generique_l1_20191112_337</WORKPLAN_ID>
        <STEP_ID>conv_mL1</STEP_ID>
        <JOB_ID>1</JOB_ID>
        <PRODUCER_NAME>MUSCATE</PRODUCER_NAME>
        <START_PRODUCTION_DATE>2019-11-12T14:28:47.942Z</START_PRODUCTION_DATE>
        <END_PRODUCTION_DATE>2019-11-12T14:34:18.375Z</END_PRODUCTION_DATE>
        <Products_List>
          <Inputs_List>
            <PRODUCT>
              <PRODUCT_ID>SENTINEL2A_20170726-102259-590_L1C_T32TLP_H_V1-0</PRODUCT_ID>
              <ACQUISITION_DATE>2017-07-26T10:22:59.590Z</ACQUISITION_DATE>
              <PRODUCTION_DATE>2017-07-26T23:46:16.988147Z</PRODUCTION_DATE>
            </PRODUCT>
          </Inputs_List>
          <Outputs_List>
            <PRODUCT>
              <PRODUCT_ID>SENTINEL2A_20170726-102259-590_L1C_T32TLP_C_V2-2</PRODUCT_ID>
              <ACQUISITION_DATE>2017-07-26T10:22:59.590Z</ACQUISITION_DATE>
              <PRODUCTION_DATE>2019-11-12T14:34:13.210Z</PRODUCTION_DATE>
            </PRODUCT>
          </Outputs_List>
        </Products_List>
      </Job>
      <Job>
        <WORKPLAN_ID>traitement_l2_20191113_1466</WORKPLAN_ID>
        <STEP_ID>conv_user</STEP_ID>
        <JOB_ID>1</JOB_ID>
        <PRODUCER_NAME>MUSCATE</PRODUCER_NAME>
        <START_PRODUCTION_DATE>2019-11-13T17:34:17.976Z</START_PRODUCTION_DATE>
        <END_PRODUCTION_DATE>2019-11-13T17:35:16.313Z</END_PRODUCTION_DATE>
        <Products_List>
          <Inputs_List>
            <PRODUCT>
              <PRODUCT_ID>SENTINEL2A_20170726-102259-590_L1C_T32TLP_C_V2-2</PRODUCT_ID>
              <ACQUISITION_DATE>2017-07-26T10:22:59.590Z</ACQUISITION_DATE>
              <PRODUCTION_DATE>2019-11-12T14:34:13.210Z</PRODUCTION_DATE>
            </PRODUCT>
          </Inputs_List>
          <References_List>
            <PRODUCT>
              <PRODUCT_ID>SENTINEL2B_20170724-103022-459_L2A_T32TLP_C_V2-2</PRODUCT_ID>
              <ACQUISITION_DATE>2017-07-24T10:30:22.459Z</ACQUISITION_DATE>
              <PRODUCTION_DATE>2019-11-13T17:11:31.285Z</PRODUCTION_DATE>
            </PRODUCT>
          </References_List>
          <Outputs_List>
            <PRODUCT>
              <PRODUCT_ID>SENTINEL2B_20170724-103022-459_L2A_T32TLP_C_V2-2</PRODUCT_ID>
              <ACQUISITION_DATE>2017-07-24T10:30:22.459Z</ACQUISITION_DATE>
              <PRODUCTION_DATE>2019-11-13T17:11:31.285Z</PRODUCTION_DATE>
            </PRODUCT>
            <PRODUCT>
              <PRODUCT_ID>SENTINEL2A_20170726-102259-590_L1C_T32TLP_C_V2-2</PRODUCT_ID>
              <ACQUISITION_DATE>2017-07-26T10:22:59.590Z</ACQUISITION_DATE>
              <PRODUCTION_DATE>2019-11-13T17:35:16.295Z</PRODUCTION_DATE>
            </PRODUCT>
          </Outputs_List>
        </Products_List>
      </Job>
      <Job>
        <WORKPLAN_ID>traitement_l2_20191113_1466</WORKPLAN_ID>
        <STEP_ID>corratmo</STEP_ID>
        <JOB_ID>1</JOB_ID>
        <PRODUCER_NAME>MUSCATE</PRODUCER_NAME>
        <START_PRODUCTION_DATE>2019-11-13T18:44:44.241Z</START_PRODUCTION_DATE>
        <END_PRODUCTION_DATE>2019-11-13T19:11:37.460Z</END_PRODUCTION_DATE>
        <Production_Facility>
          <SOFTWARE_NAME>MAJA</SOFTWARE_NAME>
          <SOFTWARE_VERSION>3.2.3</SOFTWARE_VERSION>
        </Production_Facility>
        <Products_List>
          <Inputs_List>
            <PRODUCT>
              <PRODUCT_ID>SENTINEL2A_20170726-102259-590_L1C_T32TLP_C_V2-2</PRODUCT_ID>
              <ACQUISITION_DATE>2017-07-26T10:22:59.590Z</ACQUISITION_DATE>
              <PRODUCTION_DATE>2019-11-13T17:35:16.295Z</PRODUCTION_DATE>
            </PRODUCT>
          </Inputs_List>
          <References_List>
            <PRODUCT>
              <PRODUCT_ID>SENTINEL2B_20170724-103022-459_L2A_T32TLP_C_V2-2</PRODUCT_ID>
              <ACQUISITION_DATE>2017-07-24T10:30:22.459Z</ACQUISITION_DATE>
              <PRODUCTION_DATE>2019-11-13T17:11:31.285Z</PRODUCTION_DATE>
            </PRODUCT>
          </References_List>
          <Outputs_List>
            <PRODUCT>
              <PRODUCT_ID>SENTINEL2A_20170726-102259-590_L2A_T32TLP_C_V2-2</PRODUCT_ID>
              <ACQUISITION_DATE>2017-07-26T10:22:59.590Z</ACQUISITION_DATE>
              <PRODUCTION_DATE>2019-11-13T19:11:34.681Z</PRODUCTION_DATE>
            </PRODUCT>
          </Outputs_List>
        </Products_List>
        <Auxiliary_Data_List>
          <Auxiliary_Data>
            <DATA>GIPP_MAJA_S2_3_2_2_CAMS_LUT_20190605/S2B_TEST_GIP_L2DIRT_L_ORGANICM_50001_00000000_99999999</DATA>
            <NATURE>MAJA_GIP_L2DIRT</NATURE>
          </Auxiliary_Data>
          <Auxiliary_Data>
            <DATA>GIPP_MAJA_S2_3_2_2_CAMS_LUT_20190605/S2B_TEST_GIP_L2DIFT_L_ORGANICM_50001_00000000_99999999</DATA>
            <NATURE>MAJA_GIP_L2DIFT</NATURE>
          </Auxiliary_Data>
          <Auxiliary_Data>
            <DATA>GIPP_MAJA_S2_3_2_2_CAMS_LUT_20190605/S2B_TEST_GIP_L2DIRT_L_BLACKCAR_50001_00000000_99999999</DATA>
            <NATURE>MAJA_GIP_L2DIRT</NATURE>
          </Auxiliary_Data>
          <Auxiliary_Data>
            <DATA>GIPP_MAJA_S2_3_2_2_CAMS_LUT_20190605/S2B_TEST_GIP_L2DIFT_L_CONTINEN_10002_20150703_21000101</DATA>
            <NATURE>MAJA_GIP_L2DIFT</NATURE>
          </Auxiliary_Data>
          <Auxiliary_Data>
            <DATA>GIPP_MAJA_S2_3_2_2_CAMS_LUT_20190605/S2A_TEST_GIP_L2WATV_L_CONTINEN_10006_20150703_21000101</DATA>
            <NATURE>MAJA_GIP_L2WATV</NATURE>
          </Auxiliary_Data>
          <Auxiliary_Data>
            <DATA>GIPP_MAJA_S2_3_2_2_CAMS_LUT_20190605/S2B_TEST_GIP_L2DIRT_L_CONTINEN_10002_20150703_21000101</DATA>
            <NATURE>MAJA_GIP_L2DIRT</NATURE>
          </Auxiliary_Data>
          <Auxiliary_Data>
            <DATA>GIPP_MAJA_S2_3_2_2_CAMS_LUT_20190605/S2A_TEST_GIP_L2TOCR_L_ORGANICM_50001_00000000_99999999</DATA>
            <NATURE>MAJA_GIP_L2TOCR</NATURE>
          </Auxiliary_Data>
          <Auxiliary_Data>
            <DATA>GIPP_MAJA_S2_3_2_2_CAMS_LUT_20190605/S2B_TEST_GIP_L2ALBD_L_BLACKCAR_50001_00000000_99999999</DATA>
            <NATURE>MAJA_GIP_L2ALBD</NATURE>
          </Auxiliary_Data>
          <Auxiliary_Data>
            <DATA>GIPP_MAJA_S2_3_2_2_CAMS_LUT_20190605/S2B_TEST_GIP_L2TOCR_L_DUST_____50001_00000000_99999999</DATA>
            <NATURE>MAJA_GIP_L2TOCR</NATURE>
          </Auxiliary_Data>
          <Auxiliary_Data>
            <DATA>GIPP_MAJA_S2_3_2_2_CAMS_LUT_20190605/S2B_TEST_GIP_L2ALBD_L_ORGANICM_50001_00000000_99999999</DATA>
            <NATURE>MAJA_GIP_L2ALBD</NATURE>
          </Auxiliary_Data>
          <Auxiliary_Data>
            <DATA>GIPP_MAJA_S2_3_2_2_CAMS_LUT_20190605/S2A_TEST_GIP_L2ALBD_L_SEASALT__50001_00000000_99999999</DATA>
            <NATURE>MAJA_GIP_L2ALBD</NATURE>
          </Auxiliary_Data>
          <Auxiliary_Data>
            <DATA>GIPP_MAJA_S2_3_2_2_CAMS_LUT_20190605/S2B_TEST_GIP_CKQLTL_S_31TJF____10005_20150703_21000101</DATA>
            <NATURE>MAJA_GIP_CKQLTL</NATURE>
          </Auxiliary_Data>
          <Auxiliary_Data>
            <DATA>GIPP_MAJA_S2_3_2_2_CAMS_LUT_20190605/S2A_TEST_GIP_L2DIFT_L_SULPHATE_50001_00000000_99999999</DATA>
            <NATURE>MAJA_GIP_L2DIFT</NATURE>
          </Auxiliary_Data>
          <Auxiliary_Data>
            <DATA>GIPP_MAJA_S2_3_2_2_CAMS_LUT_20190605/S2A_TEST_GIP_CKQLTL_S_31TJF____10005_20150703_21000101</DATA>
            <NATURE>MAJA_GIP_CKQLTL</NATURE>
          </Auxiliary_Data>
          <Auxiliary_Data>
            <DATA>GIPP_MAJA_S2_3_2_2_CAMS_LUT_20190605/S2A_TEST_GIP_L2SMAC_L_ALLSITES_10005_20150703_21000101</DATA>
            <NATURE>MAJA_GIP_L2SMAC</NATURE>
          </Auxiliary_Data>
          <Auxiliary_Data>
            <DATA>GIPP_MAJA_S2_3_2_2_CAMS_LUT_20190605/S2B_TEST_GIP_L2DIFT_L_DUST_____50001_00000000_99999999</DATA>
            <NATURE>MAJA_GIP_L2DIFT</NATURE>
          </Auxiliary_Data>
          <Auxiliary_Data>
            <DATA>GIPP_MAJA_S2_3_2_2_CAMS_LUT_20190605/S2B_TEST_GIP_L2TOCR_L_SEASALT__50001_00000000_99999999</DATA>
            <NATURE>MAJA_GIP_L2TOCR</NATURE>
          </Auxiliary_Data>
          <Auxiliary_Data>
            <DATA>GIPP_MAJA_S2_3_2_2_CAMS_LUT_20190605/S2A_TEST_GIP_L2TOCR_L_CONTINEN_10005_20150703_21000101</DATA>
            <NATURE>MAJA_GIP_L2TOCR</NATURE>
          </Auxiliary_Data>
          <Auxiliary_Data>
            <DATA>GIPP_MAJA_S2_3_2_2_CAMS_LUT_20190605/S2A_TEST_GIP_L2COMM_L_ALLSITES_10009_20150703_21000101</DATA>
            <NATURE>MAJA_GIP_L2COMM</NATURE>
          </Auxiliary_Data>
          <Auxiliary_Data>
            <DATA>GIPP_MAJA_S2_3_2_2_CAMS_LUT_20190605/S2B_TEST_GIP_L2SMAC_L_ALLSITES_10005_20150703_21000101</DATA>
            <NATURE>MAJA_GIP_L2SMAC</NATURE>
          </Auxiliary_Data>
          <Auxiliary_Data>
            <DATA>GIPP_MAJA_S2_3_2_2_CAMS_LUT_20190605/S2B_TEST_GIP_L2DIFT_L_SEASALT__50001_00000000_99999999</DATA>
            <NATURE>MAJA_GIP_L2DIFT</NATURE>
          </Auxiliary_Data>
          <Auxiliary_Data>
            <DATA>GIPP_MAJA_S2_3_2_2_CAMS_LUT_20190605/S2A_TEST_GIP_L2TOCR_L_DUST_____50001_00000000_99999999</DATA>
            <NATURE>MAJA_GIP_L2TOCR</NATURE>
          </Auxiliary_Data>
          <Auxiliary_Data>
            <DATA>GIPP_MAJA_S2_3_2_2_CAMS_LUT_20190605/S2A_TEST_GIP_L2DIRT_L_ORGANICM_50001_00000000_99999999</DATA>
            <NATURE>MAJA_GIP_L2DIRT</NATURE>
          </Auxiliary_Data>
          <Auxiliary_Data>
            <DATA>GIPP_MAJA_S2_3_2_2_CAMS_LUT_20190605/S2A_TEST_GIP_L2DIFT_L_CONTINEN_10005_20150703_21000101</DATA>
            <NATURE>MAJA_GIP_L2DIFT</NATURE>
          </Auxiliary_Data>
          <Auxiliary_Data>
            <DATA>GIPP_MAJA_S2_3_2_2_CAMS_LUT_20190605/S2A_TEST_GIP_L2DIFT_L_DUST_____50001_00000000_99999999</DATA>
            <NATURE>MAJA_GIP_L2DIFT</NATURE>
          </Auxiliary_Data>
          <Auxiliary_Data>
            <DATA>GIPP_MAJA_S2_3_2_2_CAMS_LUT_20190605/S2A_TEST_GIP_L2DIRT_L_CONTINEN_10005_20150703_21000101</DATA>
            <NATURE>MAJA_GIP_L2DIRT</NATURE>
          </Auxiliary_Data>
          <Auxiliary_Data>
            <DATA>GIPP_MAJA_S2_3_2_2_CAMS_LUT_20190605/S2B_TEST_GIP_L2ALBD_L_SULPHATE_50001_00000000_99999999</DATA>
            <NATURE>MAJA_GIP_L2ALBD</NATURE>
          </Auxiliary_Data>
          <Auxiliary_Data>
            <DATA>GIPP_MAJA_S2_3_2_2_CAMS_LUT_20190605/S2A_TEST_GIP_L2ALBD_L_DUST_____50001_00000000_99999999</DATA>
            <NATURE>MAJA_GIP_L2ALBD</NATURE>
          </Auxiliary_Data>
          <Auxiliary_Data>
            <DATA>GIPP_MAJA_S2_3_2_2_CAMS_LUT_20190605/S2A_TEST_GIP_L2ALBD_L_CONTINEN_10005_20150703_21000101</DATA>
            <NATURE>MAJA_GIP_L2ALBD</NATURE>
          </Auxiliary_Data>
          <Auxiliary_Data>
            <DATA>GIPP_MAJA_S2_3_2_2_CAMS_LUT_20190605/S2B_TEST_GIP_CKEXTL_S_31TJF____10001_20150703_21000101</DATA>
            <NATURE>MAJA_GIP_CKEXTL</NATURE>
          </Auxiliary_Data>
          <Auxiliary_Data>
            <DATA>GIPP_MAJA_S2_3_2_2_CAMS_LUT_20190605/S2B_TEST_GIP_L2DIRT_L_SEASALT__50001_00000000_99999999</DATA>
            <NATURE>MAJA_GIP_L2DIRT</NATURE>
          </Auxiliary_Data>
          <Auxiliary_Data>
            <DATA>GIPP_MAJA_S2_3_2_2_CAMS_LUT_20190605/S2A_TEST_GIP_L2DIFT_L_ORGANICM_50001_00000000_99999999</DATA>
            <NATURE>MAJA_GIP_L2DIFT</NATURE>
          </Auxiliary_Data>
          <Auxiliary_Data>
            <DATA>GIPP_MAJA_S2_3_2_2_CAMS_LUT_20190605/S2B_TEST_GIP_L2DIFT_L_BLACKCAR_50001_00000000_99999999</DATA>
            <NATURE>MAJA_GIP_L2DIFT</NATURE>
          </Auxiliary_Data>
          <Auxiliary_Data>
            <DATA>GIPP_MAJA_S2_3_2_2_CAMS_LUT_20190605/S2A_TEST_GIP_L2DIRT_L_BLACKCAR_50001_00000000_99999999</DATA>
            <NATURE>MAJA_GIP_L2DIRT</NATURE>
          </Auxiliary_Data>
          <Auxiliary_Data>
            <DATA>GIPP_MAJA_S2_3_2_2_CAMS_LUT_20190605/S2A_TEST_GIP_L2TOCR_L_BLACKCAR_50001_00000000_99999999</DATA>
            <NATURE>MAJA_GIP_L2TOCR</NATURE>
          </Auxiliary_Data>
          <Auxiliary_Data>
            <DATA>GIPP_MAJA_S2_3_2_2_CAMS_LUT_20190605/S2B_TEST_GIP_L2COMM_L_ALLSITES_10009_20150703_21000101</DATA>
            <NATURE>MAJA_GIP_L2COMM</NATURE>
          </Auxiliary_Data>
          <Auxiliary_Data>
            <DATA>GIPP_MAJA_S2_3_2_2_CAMS_LUT_20190605/S2A_TEST_GIP_CKEXTL_S_31TJF____10001_20150703_21000101</DATA>
            <NATURE>MAJA_GIP_CKEXTL</NATURE>
          </Auxiliary_Data>
          <Auxiliary_Data>
            <DATA>GIPP_MAJA_S2_3_2_2_CAMS_LUT_20190605/S2__TEST_GIP_L2SITE_S_31TJF____10001_00000000_99999999</DATA>
            <NATURE>MAJA_GIP_L2SITE</NATURE>
          </Auxiliary_Data>
          <Auxiliary_Data>
            <DATA>GIPP_MAJA_S2_3_2_2_CAMS_LUT_20190605/S2B_TEST_GIP_L2DIRT_L_DUST_____50001_00000000_99999999</DATA>
            <NATURE>MAJA_GIP_L2DIRT</NATURE>
          </Auxiliary_Data>
          <Auxiliary_Data>
            <DATA>GIPP_MAJA_S2_3_2_2_CAMS_LUT_20190605/S2A_TEST_GIP_L2DIRT_L_SULPHATE_50001_00000000_99999999</DATA>
            <NATURE>MAJA_GIP_L2DIRT</NATURE>
          </Auxiliary_Data>
          <Auxiliary_Data>
            <DATA>GIPP_MAJA_S2_3_2_2_CAMS_LUT_20190605/S2A_TEST_GIP_L2ALBD_L_BLACKCAR_50001_00000000_99999999</DATA>
            <NATURE>MAJA_GIP_L2ALBD</NATURE>
          </Auxiliary_Data>
          <Auxiliary_Data>
            <DATA>GIPP_MAJA_S2_3_2_2_CAMS_LUT_20190605/S2A_TEST_GIP_L2ALBD_L_SULPHATE_50001_00000000_99999999</DATA>
            <NATURE>MAJA_GIP_L2ALBD</NATURE>
          </Auxiliary_Data>
          <Auxiliary_Data>
            <DATA>GIPP_MAJA_S2_3_2_2_CAMS_LUT_20190605/S2A_TEST_GIP_L2TOCR_L_SULPHATE_50001_00000000_99999999</DATA>
            <NATURE>MAJA_GIP_L2TOCR</NATURE>
          </Auxiliary_Data>
          <Auxiliary_Data>
            <DATA>GIPP_MAJA_S2_3_2_2_CAMS_LUT_20190605/S2A_TEST_GIP_L2DIFT_L_BLACKCAR_50001_00000000_99999999</DATA>
            <NATURE>MAJA_GIP_L2DIFT</NATURE>
          </Auxiliary_Data>
          <Auxiliary_Data>
            <DATA>GIPP_MAJA_S2_3_2_2_CAMS_LUT_20190605/S2B_TEST_GIP_L2WATV_L_CONTINEN_10006_20150703_21000101</DATA>
            <NATURE>MAJA_GIP_L2WATV</NATURE>
          </Auxiliary_Data>
          <Auxiliary_Data>
            <DATA>GIPP_MAJA_S2_3_2_2_CAMS_LUT_20190605/S2B_TEST_GIP_L2TOCR_L_BLACKCAR_50001_00000000_99999999</DATA>
            <NATURE>MAJA_GIP_L2TOCR</NATURE>
          </Auxiliary_Data>
          <Auxiliary_Data>
            <DATA>GIPP_MAJA_S2_3_2_2_CAMS_LUT_20190605/S2B_TEST_GIP_L2ALBD_L_SEASALT__50001_00000000_99999999</DATA>
            <NATURE>MAJA_GIP_L2ALBD</NATURE>
          </Auxiliary_Data>
          <Auxiliary_Data>
            <DATA>GIPP_MAJA_S2_3_2_2_CAMS_LUT_20190605/S2B_TEST_GIP_L2DIRT_L_SULPHATE_50001_00000000_99999999</DATA>
            <NATURE>MAJA_GIP_L2DIRT</NATURE>
          </Auxiliary_Data>
          <Auxiliary_Data>
            <DATA>GIPP_MAJA_S2_3_2_2_CAMS_LUT_20190605/S2B_TEST_GIP_L2TOCR_L_CONTINEN_10002_20150703_21000101</DATA>
            <NATURE>MAJA_GIP_L2TOCR</NATURE>
          </Auxiliary_Data>
          <Auxiliary_Data>
            <DATA>GIPP_MAJA_S2_3_2_2_CAMS_LUT_20190605/S2B_TEST_GIP_L2DIFT_L_SULPHATE_50001_00000000_99999999</DATA>
            <NATURE>MAJA_GIP_L2DIFT</NATURE>
          </Auxiliary_Data>
          <Auxiliary_Data>
            <DATA>GIPP_MAJA_S2_3_2_2_CAMS_LUT_20190605/S2B_TEST_GIP_L2TOCR_L_ORGANICM_50001_00000000_99999999</DATA>
            <NATURE>MAJA_GIP_L2TOCR</NATURE>
          </Auxiliary_Data>
          <Auxiliary_Data>
            <DATA>GIPP_MAJA_S2_3_2_2_CAMS_LUT_20190605/S2A_TEST_GIP_L2DIFT_L_SEASALT__50001_00000000_99999999</DATA>
            <NATURE>MAJA_GIP_L2DIFT</NATURE>
          </Auxiliary_Data>
          <Auxiliary_Data>
            <DATA>GIPP_MAJA_S2_3_2_2_CAMS_LUT_20190605/S2A_TEST_GIP_L2ALBD_L_ORGANICM_50001_00000000_99999999</DATA>
            <NATURE>MAJA_GIP_L2ALBD</NATURE>
          </Auxiliary_Data>
          <Auxiliary_Data>
            <DATA>GIPP_MAJA_S2_3_2_2_CAMS_LUT_20190605/S2B_TEST_GIP_L2ALBD_L_DUST_____50001_00000000_99999999</DATA>
            <NATURE>MAJA_GIP_L2ALBD</NATURE>
          </Auxiliary_Data>
          <Auxiliary_Data>
            <DATA>GIPP_MAJA_S2_3_2_2_CAMS_LUT_20190605/S2A_TEST_GIP_L2DIRT_L_SEASALT__50001_00000000_99999999</DATA>
            <NATURE>MAJA_GIP_L2DIRT</NATURE>
          </Auxiliary_Data>
          <Auxiliary_Data>
            <DATA>GIPP_MAJA_S2_3_2_2_CAMS_LUT_20190605/S2B_TEST_GIP_L2ALBD_L_CONTINEN_10003_20150703_21000101</DATA>
            <NATURE>MAJA_GIP_L2ALBD</NATURE>
          </Auxiliary_Data>
          <Auxiliary_Data>
            <DATA>GIPP_MAJA_S2_3_2_2_CAMS_LUT_20190605/S2A_TEST_GIP_L2DIRT_L_DUST_____50001_00000000_99999999</DATA>
            <NATURE>MAJA_GIP_L2DIRT</NATURE>
          </Auxiliary_Data>
          <Auxiliary_Data>
            <DATA>GIPP_MAJA_S2_3_2_2_CAMS_LUT_20190605/S2A_TEST_GIP_L2TOCR_L_SEASALT__50001_00000000_99999999</DATA>
            <NATURE>MAJA_GIP_L2TOCR</NATURE>
          </Auxiliary_Data>
          <Auxiliary_Data>
            <DATA>GIPP_MAJA_S2_3_2_2_CAMS_LUT_20190605/S2B_TEST_GIP_L2TOCR_L_SULPHATE_50001_00000000_99999999</DATA>
            <NATURE>MAJA_GIP_L2TOCR</NATURE>
          </Auxiliary_Data>
          <Auxiliary_Data>
            <DATA>S2__TEST_AUX_REFDE2_T32TLP_0001_1.0/S2__TEST_AUX_REFDE2_T32TLP_0001</DATA>
            <NATURE>MAJA_MNT_N2</NATURE>
            <Resolution>
              <X_RESOLUTION>10.0</X_RESOLUTION>
              <Y_RESOLUTION>-10.0</Y_RESOLUTION>
            </Resolution>
            <Elevation>
              <MIN unit="m">-16</MIN>
              <MAX unit="m">3120</MAX>
              <MEAN unit="m">659.732</MEAN>
              <STD unit="m">731.99</STD>
            </Elevation>
          </Auxiliary_Data>
        </Auxiliary_Data_List>
        <Parameter_List>
          <Parameter>
            <PARAMETER_FILE>PARAM_CORR_ATM_S2_6BW_91DT_0ATT_0METEO_20190301_1.0/ParamCorrAtmo_S2_6BW_91DT_0ATT_0METEO.xml</PARAMETER_FILE>
            <NATURE>PARAM_CORRATMO</NATURE>
          </Parameter>
        </Parameter_List>
        <Processing_Informations>
          <Processing_Information>
            <NAME>Adjacency_Effects_And_Slope_Correction</NAME>
            <VALUE>true</VALUE>
          </Processing_Information>
          <Processing_Information>
            <NAME>Processing_Mode</NAME>
            <VALUE>STANDARD_MODE</VALUE>
          </Processing_Information>
          <Processing_Information>
            <NAME>Quality_check</NAME>
            <VALUE>true</VALUE>
          </Processing_Information>
          <Processing_Information>
            <NAME>CAMS_Processing</NAME>
            <VALUE>Deactivated</VALUE>
          </Processing_Information>
          <Processing_Information>
            <NAME>Cirrus_Correction</NAME>
            <VALUE>true</VALUE>
          </Processing_Information>
          <Processing_Information>
            <NAME>Validity_Flag</NAME>
            <VALUE>L2VALD</VALUE>
          </Processing_Information>
        </Processing_Informations>
      </Job>
      <Job>
        <WORKPLAN_ID>traitement_l2_20191113_1632</WORKPLAN_ID>
        <STEP_ID>conv_user</STEP_ID>
        <JOB_ID>1</JOB_ID>
        <PRODUCER_NAME>MUSCATE</PRODUCER_NAME>
        <START_PRODUCTION_DATE>2019-11-13T19:44:49.191Z</START_PRODUCTION_DATE>
        <END_PRODUCTION_DATE>2019-11-13T19:45:53.567Z</END_PRODUCTION_DATE>
        <Products_List>
          <Inputs_List>
            <PRODUCT>
              <PRODUCT_ID>SENTINEL2A_20170729-103023-457_L1C_T32TLP_C_V2-2</PRODUCT_ID>
              <ACQUISITION_DATE>2017-07-29T10:30:23.457Z</ACQUISITION_DATE>
              <PRODUCTION_DATE>2019-11-12T15:01:16.548Z</PRODUCTION_DATE>
            </PRODUCT>
          </Inputs_List>
          <References_List>
            <PRODUCT>
              <PRODUCT_ID>SENTINEL2A_20170726-102259-590_L2A_T32TLP_C_V2-2</PRODUCT_ID>
              <ACQUISITION_DATE>2017-07-26T10:22:59.590Z</ACQUISITION_DATE>
              <PRODUCTION_DATE>2019-11-13T19:11:34.681Z</PRODUCTION_DATE>
            </PRODUCT>
          </References_List>
          <Outputs_List>
            <PRODUCT>
              <PRODUCT_ID>SENTINEL2A_20170726-102259-590_L2A_T32TLP_C_V2-2</PRODUCT_ID>
              <ACQUISITION_DATE>2017-07-26T10:22:59.590Z</ACQUISITION_DATE>
              <PRODUCTION_DATE>2019-11-13T19:11:34.681Z</PRODUCTION_DATE>
            </PRODUCT>
            <PRODUCT>
              <PRODUCT_ID>SENTINEL2A_20170729-103023-457_L1C_T32TLP_C_V2-2</PRODUCT_ID>
              <ACQUISITION_DATE>2017-07-29T10:30:23.457Z</ACQUISITION_DATE>
              <PRODUCTION_DATE>2019-11-13T19:45:53.545Z</PRODUCTION_DATE>
            </PRODUCT>
          </Outputs_List>
        </Products_List>
      </Job>
      <Job>
        <WORKPLAN_ID>traitement_neige_20191113_293</WORKPLAN_ID>
        <STEP_ID>neige</STEP_ID>
        <JOB_ID>1</JOB_ID>
        <PRODUCER_NAME>MUSCATE</PRODUCER_NAME>
        <START_PRODUCTION_DATE>2019-11-13T22:03:01.214Z</START_PRODUCTION_DATE>
        <END_PRODUCTION_DATE>2019-11-13T22:07:12.191Z</END_PRODUCTION_DATE>
        <Production_Facility>
          <SOFTWARE_NAME>LIS</SOFTWARE_NAME>
          <SOFTWARE_VERSION>1.4</SOFTWARE_VERSION>
        </Production_Facility>
        <Products_List>
          <Inputs_List>
            <PRODUCT>
              <PRODUCT_ID>SENTINEL2A_20170726-102259-590_L2A_T32TLP_C_V2-2</PRODUCT_ID>
              <ACQUISITION_DATE>2017-07-26T10:22:59.590Z</ACQUISITION_DATE>
              <PRODUCTION_DATE>2019-11-13T19:11:34.681Z</PRODUCTION_DATE>
            </PRODUCT>
          </Inputs_List>
          <Outputs_List>
            <PRODUCT>
              <PRODUCT_ID>SENTINEL2A_20170726-102259-590_L2B-SNOW_T32TLP_C_V1-7</PRODUCT_ID>
              <ACQUISITION_DATE>2017-07-26T10:22:59.590Z</ACQUISITION_DATE>
              <PRODUCTION_DATE>2019-11-13T22:07:11.357Z</PRODUCTION_DATE>
            </PRODUCT>
          </Outputs_List>
        </Products_List>
        <Auxiliary_Data_List>
          <Auxiliary_Data>
            <DATA>S2__TEST_AUX_REFDE2_T32TLP_0001_1.0/S2__TEST_AUX_REFDE2_T32TLP_0001</DATA>
            <NATURE>SNOW_MNT_N2</NATURE>
          </Auxiliary_Data>
        </Auxiliary_Data_List>
        <Parameter_List>
          <Parameter>
            <PARAMETER_FILE>PARAM_NEIGE_S2_LIS_1_4_20190522_1.0/Param_Neige_S2_14.txt</PARAMETER_FILE>
            <NATURE>SNOW_PARAM</NATURE>
          </Parameter>
        </Parameter_List>
      </Job>
    </Processing_Jobs_List>
  </Production_Informations>
</Muscate_Metadata_Document>
