<?xml version='1.0' encoding='UTF-8'?>
<Muscate_Metadata_Document xmlns:xsi="http://www.w3.org/2001/XMLSchema-instance" xsi:noNamespaceSchemaLocation="..\PSC-SL-411-0032-CG_Schemas\Muscate_Metadata.xsd">
  <Metadata_Identification>
    <METADATA_FORMAT version="1.14">METADATA_MUSCATE</METADATA_FORMAT>
    <METADATA_PROFILE>GENERIC</METADATA_PROFILE>
    <METADATA_INFORMATION>EXPERT</METADATA_INFORMATION>
  </Metadata_Identification>
  <Dataset_Identification>
    <IDENTIFIER>SENTINEL2A_20170702-104252-984_L2B-SNOW_T31TFJ_C</IDENTIFIER>
    <AUTHORITY>THEIA</AUTHORITY>
    <PRODUCER>MUSCATE</PRODUCER>
    <PROJECT>SENTINEL2</PROJECT>
    <GEOGRAPHICAL_ZONE type="Tile">T31TFJ</GEOGRAPHICAL_ZONE>
    <ORIGINAL_DATA_DIFFUSER>SGS_</ORIGINAL_DATA_DIFFUSER>
  </Dataset_Identification>
  <Product_Characteristics>
    <PRODUCT_ID>SENTINEL2A_20170702-104252-984_L2B-SNOW_T31TFJ_C_V1-7</PRODUCT_ID>
    <ACQUISITION_DATE>2017-07-02T10:42:52.984Z</ACQUISITION_DATE>
    <PRODUCTION_DATE>2019-11-09T12:09:13.116Z</PRODUCTION_DATE>
    <PRODUCT_VERSION>1.7</PRODUCT_VERSION>
    <PRODUCT_LEVEL>L2B-SNOW</PRODUCT_LEVEL>
    <PLATFORM>SENTINEL2A</PLATFORM>
    <ORBIT_NUMBER type="Orbit">10587</ORBIT_NUMBER>
    <UTC_Acquisition_Range>
      <MEAN>2017-07-02T10:42:52.984Z</MEAN>
      <DATE_PRECISION unit="s">0.001</DATE_PRECISION>
    </UTC_Acquisition_Range>
    <Band_Global_List count="1">
      <BAND_ID>SNW</BAND_ID>
    </Band_Global_List>
    <Band_Group_List>
      <Group group_id="R2">
        <Band_List count="1">
          <BAND_ID>SNW</BAND_ID>
        </Band_List>
      </Group>
    </Band_Group_List>
  </Product_Characteristics>
  <Product_Organisation>
    <Muscate_Product>
      <QUICKLOOK bands_id="SNW">./SENTINEL2A_20170702-104252-984_L2B-SNOW_T31TFJ_C_V1-7_QKL_ALL.jpg</QUICKLOOK>
      <Image_List>
        <Image>
          <Image_Properties>
            <NATURE>Composite</NATURE>
            <FORMAT>image/tiff</FORMAT>
          </Image_Properties>
          <Image_File_List>
            <IMAGE_FILE group_id="R2">SENTINEL2A_20170702-104252-984_L2B-SNOW_T31TFJ_C_V1-7_CMP_R2.tif</IMAGE_FILE>
          </Image_File_List>
        </Image>
        <Image>
          <Image_Properties>
            <NATURE>Snow</NATURE>
            <FORMAT>image/tiff</FORMAT>
          </Image_Properties>
          <Image_File_List>
            <IMAGE_FILE group_id="R2">SENTINEL2A_20170702-104252-984_L2B-SNOW_T31TFJ_C_V1-7_SNW_R2.tif</IMAGE_FILE>
          </Image_File_List>
        </Image>
        <Image>
          <Image_Properties>
            <NATURE>Snow</NATURE>
            <FORMAT>application/octet-stream</FORMAT>
          </Image_Properties>
          <Image_File_List>
            <IMAGE_FILE group_id="R2">SENTINEL2A_20170702-104252-984_L2B-SNOW_T31TFJ_C_V1-7_SNW_R2.dbf</IMAGE_FILE>
            <IMAGE_FILE group_id="R2">SENTINEL2A_20170702-104252-984_L2B-SNOW_T31TFJ_C_V1-7_SNW_R2.prj</IMAGE_FILE>
            <IMAGE_FILE group_id="R2">SENTINEL2A_20170702-104252-984_L2B-SNOW_T31TFJ_C_V1-7_SNW_R2.shp</IMAGE_FILE>
            <IMAGE_FILE group_id="R2">SENTINEL2A_20170702-104252-984_L2B-SNOW_T31TFJ_C_V1-7_SNW_R2.shx</IMAGE_FILE>
          </Image_File_List>
        </Image>
        <Image>
          <Image_Properties>
            <NATURE>Visualisation</NATURE>
            <FORMAT>image/tiff</FORMAT>
          </Image_Properties>
          <Image_File_List>
            <IMAGE_FILE group_id="R2">SENTINEL2A_20170702-104252-984_L2B-SNOW_T31TFJ_C_V1-7_VIS_R2.tif</IMAGE_FILE>
          </Image_File_List>
        </Image>
      </Image_List>
      <Mask_List>
        <Mask>
          <Mask_Properties>
            <NATURE>Snow_Detection</NATURE>
            <FORMAT>image/tiff</FORMAT>
          </Mask_Properties>
          <Mask_File_List>
            <MASK_FILE group_id="R2">MASKS/SENTINEL2A_20170702-104252-984_L2B-SNOW_T31TFJ_C_V1-7_EXS_R2.tif</MASK_FILE>
          </Mask_File_List>
        </Mask>
      </Mask_List>
      <Data_List>
        <Data>
          <Data_Properties>
            <NATURE>Histogram</NATURE>
            <FORMAT>text/csv</FORMAT>
          </Data_Properties>
          <Data_File_List>
            <DATA_FILE group_id="R2">DATA/SENTINEL2A_20170702-104252-984_L2B-SNOW_T31TFJ_C_V1-7_HIS_R2.txt</DATA_FILE>
          </Data_File_List>
        </Data>
      </Data_List>
    </Muscate_Product>
  </Product_Organisation>
  <Geoposition_Informations>
    <Coordinate_Reference_System>
      <GEO_TABLES>EPSG</GEO_TABLES>
      <Horizontal_Coordinate_System>
        <HORIZONTAL_CS_TYPE>PROJECTED</HORIZONTAL_CS_TYPE>
        <HORIZONTAL_CS_NAME>WGS 84 / UTM zone 31N</HORIZONTAL_CS_NAME>
        <HORIZONTAL_CS_CODE>32631</HORIZONTAL_CS_CODE>
      </Horizontal_Coordinate_System>
    </Coordinate_Reference_System>
    <Raster_CS>
      <RASTER_CS_TYPE>CELL</RASTER_CS_TYPE>
      <PIXEL_ORIGIN>0</PIXEL_ORIGIN>
    </Raster_CS>
    <Metadata_CS>
      <METADATA_CS_TYPE>CELL</METADATA_CS_TYPE>
      <PIXEL_ORIGIN>0</PIXEL_ORIGIN>
    </Metadata_CS>
    <Geopositioning>
      <Global_Geopositioning>
        <Point name="upperLeft">
          <LAT>44.2465509345</LAT>
          <LON>4.25248087222</LON>
          <X>600000.0</X>
          <Y>4900020.0</Y>
        </Point>
        <Point name="upperRight">
          <LAT>44.2232097399</LAT>
          <LON>5.6266459737</LON>
          <X>709800.0</X>
          <Y>4900020.0</Y>
        </Point>
        <Point name="lowerRight">
          <LAT>43.2356009597</LAT>
          <LON>5.58380827957</LON>
          <X>709800.0</X>
          <Y>4790220.0</Y>
        </Point>
        <Point name="lowerLeft">
          <LAT>43.2581553186</LAT>
          <LON>4.23203270004</LON>
          <X>600000.0</X>
          <Y>4790220.0</Y>
        </Point>
        <Point name="center">
          <LAT>43.7429332781</LAT>
          <LON>4.92374204516</LON>
          <X>654900.0</X>
          <Y>4845120.0</Y>
        </Point>
      </Global_Geopositioning>
      <Group_Geopositioning_List>
        <Group_Geopositioning group_id="R2">
          <ULX>600000</ULX>
          <ULY>4900020</ULY>
          <XDIM>20</XDIM>
          <YDIM>-20</YDIM>
          <NROWS>5490</NROWS>
          <NCOLS>5490</NCOLS>
        </Group_Geopositioning>
      </Group_Geopositioning_List>
    </Geopositioning>
  </Geoposition_Informations>
  <Geometric_Informations>
    <Mean_Value_List>
      <Sun_Angles>
        <ZENITH_ANGLE unit="deg">23.6905269919614</ZENITH_ANGLE>
        <AZIMUTH_ANGLE unit="deg">146.64413463847</AZIMUTH_ANGLE>
      </Sun_Angles>
      <Incidence_Angles>
        <ZENITH_ANGLE unit="deg">NaN</ZENITH_ANGLE>
        <AZIMUTH_ANGLE unit="deg">NaN</AZIMUTH_ANGLE>
      </Incidence_Angles>
    </Mean_Value_List>
  </Geometric_Informations>
  <Radiometric_Informations>
    <Special_Values_List>
      <SPECIAL_VALUE name="unknown_identification">205</SPECIAL_VALUE>
      <SPECIAL_VALUE name="no_identification">0</SPECIAL_VALUE>
      <SPECIAL_VALUE name="snow_identification">100</SPECIAL_VALUE>
      <SPECIAL_VALUE name="nodata">254</SPECIAL_VALUE>
    </Special_Values_List>
    <Spectral_Band_Informations_List>
      <Spectral_Band_Informations band_id="SNW">
        <SPATIAL_RESOLUTION unit="m">20</SPATIAL_RESOLUTION>
      </Spectral_Band_Informations>
    </Spectral_Band_Informations_List>
  </Radiometric_Informations>
  <Quality_Informations>
    <Current_Product>
      <Product_Quality_List level="N2">
        <Product_Quality>
          <Source_Product>
            <PRODUCT_ID>SENTINEL2A_20170702-104252-984_L2A_T31TFJ_C_V2-2</PRODUCT_ID>
            <ACQUISITION_DATE>2017-07-02T10:42:52.984Z</ACQUISITION_DATE>
            <PRODUCTION_DATE>2019-11-09T08:25:42.715Z</PRODUCTION_DATE>
          </Source_Product>
          <Global_Index_List>
            <QUALITY_INDEX name="CloudPercent">18</QUALITY_INDEX>
            <QUALITY_INDEX name="HotSpotDetected">false</QUALITY_INDEX>
            <QUALITY_INDEX name="RainDetected">false</QUALITY_INDEX>
            <QUALITY_INDEX name="SnowPercent">0</QUALITY_INDEX>
            <QUALITY_INDEX name="SunGlintDetected">true</QUALITY_INDEX>
          </Global_Index_List>
        </Product_Quality>
      </Product_Quality_List>
      <Product_Quality_List level="N2B_SNOW">
        <Product_Quality>
          <Source_Product>
            <PRODUCT_ID>SENTINEL2A_20170702-104252-984_L2B-SNOW_T31TFJ_C_V1-7</PRODUCT_ID>
            <ACQUISITION_DATE>2017-07-02T10:42:52.984Z</ACQUISITION_DATE>
            <PRODUCTION_DATE>2019-11-09T12:09:13.116Z</PRODUCTION_DATE>
          </Source_Product>
          <Global_Index_List>
            <QUALITY_INDEX name="CloudPercent">15.0406693841</QUALITY_INDEX>
            <QUALITY_INDEX name="SnowPercent">0.12475333747</QUALITY_INDEX>
            <QUALITY_INDEX name="ZS">-1</QUALITY_INDEX>
          </Global_Index_List>
        </Product_Quality>
      </Product_Quality_List>
    </Current_Product>
  </Quality_Informations>
  <Production_Informations>
    <Processing_Jobs_List>
      <Job>
        <WORKPLAN_ID>acquisition_produits_20170703_366</WORKPLAN_ID>
        <STEP_ID>conv_hyb</STEP_ID>
        <JOB_ID>1</JOB_ID>
        <PRODUCER_NAME>MUSCATE</PRODUCER_NAME>
        <START_PRODUCTION_DATE>2017-07-03T16:49:39.005087Z</START_PRODUCTION_DATE>
        <END_PRODUCTION_DATE>2017-07-03T16:51:38.762982Z</END_PRODUCTION_DATE>
        <Products_List>
          <Inputs_List>
            <PRODUCT>
              <PRODUCT_ID>S2A_MSIL1C_20170702T104021_N0205_R008_T31TFJ_20170702T104252.SAFE</PRODUCT_ID>
              <ACQUISITION_DATE>2017-07-02T10:40:21.026Z</ACQUISITION_DATE>
              <PRODUCTION_DATE>2017-07-02T17:32:54Z</PRODUCTION_DATE>
            </PRODUCT>
          </Inputs_List>
          <Outputs_List>
            <PRODUCT>
              <PRODUCT_ID>SENTINEL2A_20170702-104252-984_L1C_T31TFJ_H_V1-0</PRODUCT_ID>
              <ACQUISITION_DATE>2017-07-02T10:42:52.984Z</ACQUISITION_DATE>
              <PRODUCTION_DATE>2017-07-03T16:49:39.532518Z</PRODUCTION_DATE>
            </PRODUCT>
          </Outputs_List>
        </Products_List>
      </Job>
      <Job>
        <WORKPLAN_ID>generique_l1_20191108_1405</WORKPLAN_ID>
        <STEP_ID>conv_mL1</STEP_ID>
        <JOB_ID>1</JOB_ID>
        <PRODUCER_NAME>MUSCATE</PRODUCER_NAME>
        <START_PRODUCTION_DATE>2019-11-08T19:35:02.368Z</START_PRODUCTION_DATE>
        <END_PRODUCTION_DATE>2019-11-08T19:40:52.670Z</END_PRODUCTION_DATE>
        <Products_List>
          <Inputs_List>
            <PRODUCT>
              <PRODUCT_ID>SENTINEL2A_20170702-104252-984_L1C_T31TFJ_H_V1-0</PRODUCT_ID>
              <ACQUISITION_DATE>2017-07-02T10:42:52.984Z</ACQUISITION_DATE>
              <PRODUCTION_DATE>2017-07-03T16:49:39.532518Z</PRODUCTION_DATE>
            </PRODUCT>
          </Inputs_List>
          <Outputs_List>
            <PRODUCT>
              <PRODUCT_ID>SENTINEL2A_20170702-104252-984_L1C_T31TFJ_C_V2-2</PRODUCT_ID>
              <ACQUISITION_DATE>2017-07-02T10:42:52.984Z</ACQUISITION_DATE>
              <PRODUCTION_DATE>2019-11-08T19:40:51.335Z</PRODUCTION_DATE>
            </PRODUCT>
          </Outputs_List>
        </Products_List>
      </Job>
      <Job>
        <WORKPLAN_ID>traitement_l2_20191109_647</WORKPLAN_ID>
        <STEP_ID>conv_user</STEP_ID>
        <JOB_ID>1</JOB_ID>
        <PRODUCER_NAME>MUSCATE</PRODUCER_NAME>
        <START_PRODUCTION_DATE>2019-11-09T08:24:40.947Z</START_PRODUCTION_DATE>
        <END_PRODUCTION_DATE>2019-11-09T08:25:42.737Z</END_PRODUCTION_DATE>
        <Products_List>
          <Inputs_List>
            <PRODUCT>
              <PRODUCT_ID>SENTINEL2A_20170702-104252-984_L1C_T31TFJ_C_V2-2</PRODUCT_ID>
              <ACQUISITION_DATE>2017-07-02T10:42:52.984Z</ACQUISITION_DATE>
              <PRODUCTION_DATE>2019-11-08T19:40:51.335Z</PRODUCTION_DATE>
            </PRODUCT>
          </Inputs_List>
          <References_List>
            <PRODUCT>
              <PRODUCT_ID>SENTINEL2A_20170629-103020-455_L2A_T31TFJ_C_V2-2</PRODUCT_ID>
              <ACQUISITION_DATE>2017-06-29T10:30:20.455Z</ACQUISITION_DATE>
              <PRODUCTION_DATE>2019-11-09T07:53:31.756Z</PRODUCTION_DATE>
            </PRODUCT>
          </References_List>
          <Outputs_List>
            <PRODUCT>
              <PRODUCT_ID>SENTINEL2A_20170629-103020-455_L2A_T31TFJ_C_V2-2</PRODUCT_ID>
              <ACQUISITION_DATE>2017-06-29T10:30:20.455Z</ACQUISITION_DATE>
              <PRODUCTION_DATE>2019-11-09T07:53:31.756Z</PRODUCTION_DATE>
            </PRODUCT>
            <PRODUCT>
              <PRODUCT_ID>SENTINEL2A_20170702-104252-984_L1C_T31TFJ_C_V2-2</PRODUCT_ID>
              <ACQUISITION_DATE>2017-07-02T10:42:52.984Z</ACQUISITION_DATE>
              <PRODUCTION_DATE>2019-11-09T08:25:42.715Z</PRODUCTION_DATE>
            </PRODUCT>
          </Outputs_List>
        </Products_List>
      </Job>
      <Job>
        <WORKPLAN_ID>traitement_l2_20191109_647</WORKPLAN_ID>
        <STEP_ID>corratmo</STEP_ID>
        <JOB_ID>1</JOB_ID>
        <PRODUCER_NAME>MUSCATE</PRODUCER_NAME>
        <START_PRODUCTION_DATE>2019-11-09T09:05:13.333Z</START_PRODUCTION_DATE>
        <END_PRODUCTION_DATE>2019-11-09T09:32:58.122Z</END_PRODUCTION_DATE>
        <Production_Facility>
          <SOFTWARE_NAME>MAJA</SOFTWARE_NAME>
          <SOFTWARE_VERSION>3.2.3</SOFTWARE_VERSION>
        </Production_Facility>
        <Products_List>
          <Inputs_List>
            <PRODUCT>
              <PRODUCT_ID>SENTINEL2A_20170702-104252-984_L1C_T31TFJ_C_V2-2</PRODUCT_ID>
              <ACQUISITION_DATE>2017-07-02T10:42:52.984Z</ACQUISITION_DATE>
              <PRODUCTION_DATE>2019-11-09T08:25:42.715Z</PRODUCTION_DATE>
            </PRODUCT>
          </Inputs_List>
          <References_List>
            <PRODUCT>
              <PRODUCT_ID>SENTINEL2A_20170629-103020-455_L2A_T31TFJ_C_V2-2</PRODUCT_ID>
              <ACQUISITION_DATE>2017-06-29T10:30:20.455Z</ACQUISITION_DATE>
              <PRODUCTION_DATE>2019-11-09T07:53:31.756Z</PRODUCTION_DATE>
            </PRODUCT>
          </References_List>
          <Outputs_List>
            <PRODUCT>
              <PRODUCT_ID>SENTINEL2A_20170702-104252-984_L2A_T31TFJ_C_V2-2</PRODUCT_ID>
              <ACQUISITION_DATE>2017-07-02T10:42:52.984Z</ACQUISITION_DATE>
              <PRODUCTION_DATE>2019-11-09T09:32:54.211Z</PRODUCTION_DATE>
            </PRODUCT>
          </Outputs_List>
        </Products_List>
        <Auxiliary_Data_List>
          <Auxiliary_Data>
            <DATA>GIPP_MAJA_S2_3_2_2_CAMS_LUT_20190605/S2B_TEST_GIP_L2DIRT_L_ORGANICM_50001_00000000_99999999</DATA>
            <NATURE>MAJA_GIP_L2DIRT</NATURE>
          </Auxiliary_Data>
          <Auxiliary_Data>
            <DATA>GIPP_MAJA_S2_3_2_2_CAMS_LUT_20190605/S2B_TEST_GIP_L2DIFT_L_ORGANICM_50001_00000000_99999999</DATA>
            <NATURE>MAJA_GIP_L2DIFT</NATURE>
          </Auxiliary_Data>
          <Auxiliary_Data>
            <DATA>GIPP_MAJA_S2_3_2_2_CAMS_LUT_20190605/S2B_TEST_GIP_L2DIRT_L_BLACKCAR_50001_00000000_99999999</DATA>
            <NATURE>MAJA_GIP_L2DIRT</NATURE>
          </Auxiliary_Data>
          <Auxiliary_Data>
            <DATA>GIPP_MAJA_S2_3_2_2_CAMS_LUT_20190605/S2B_TEST_GIP_L2DIFT_L_CONTINEN_10002_20150703_21000101</DATA>
            <NATURE>MAJA_GIP_L2DIFT</NATURE>
          </Auxiliary_Data>
          <Auxiliary_Data>
            <DATA>GIPP_MAJA_S2_3_2_2_CAMS_LUT_20190605/S2A_TEST_GIP_L2WATV_L_CONTINEN_10006_20150703_21000101</DATA>
            <NATURE>MAJA_GIP_L2WATV</NATURE>
          </Auxiliary_Data>
          <Auxiliary_Data>
            <DATA>GIPP_MAJA_S2_3_2_2_CAMS_LUT_20190605/S2B_TEST_GIP_L2DIRT_L_CONTINEN_10002_20150703_21000101</DATA>
            <NATURE>MAJA_GIP_L2DIRT</NATURE>
          </Auxiliary_Data>
          <Auxiliary_Data>
            <DATA>GIPP_MAJA_S2_3_2_2_CAMS_LUT_20190605/S2A_TEST_GIP_L2TOCR_L_ORGANICM_50001_00000000_99999999</DATA>
            <NATURE>MAJA_GIP_L2TOCR</NATURE>
          </Auxiliary_Data>
          <Auxiliary_Data>
            <DATA>GIPP_MAJA_S2_3_2_2_CAMS_LUT_20190605/S2B_TEST_GIP_L2ALBD_L_BLACKCAR_50001_00000000_99999999</DATA>
            <NATURE>MAJA_GIP_L2ALBD</NATURE>
          </Auxiliary_Data>
          <Auxiliary_Data>
            <DATA>GIPP_MAJA_S2_3_2_2_CAMS_LUT_20190605/S2B_TEST_GIP_L2TOCR_L_DUST_____50001_00000000_99999999</DATA>
            <NATURE>MAJA_GIP_L2TOCR</NATURE>
          </Auxiliary_Data>
          <Auxiliary_Data>
            <DATA>GIPP_MAJA_S2_3_2_2_CAMS_LUT_20190605/S2B_TEST_GIP_L2ALBD_L_ORGANICM_50001_00000000_99999999</DATA>
            <NATURE>MAJA_GIP_L2ALBD</NATURE>
          </Auxiliary_Data>
          <Auxiliary_Data>
            <DATA>GIPP_MAJA_S2_3_2_2_CAMS_LUT_20190605/S2A_TEST_GIP_L2ALBD_L_SEASALT__50001_00000000_99999999</DATA>
            <NATURE>MAJA_GIP_L2ALBD</NATURE>
          </Auxiliary_Data>
          <Auxiliary_Data>
            <DATA>GIPP_MAJA_S2_3_2_2_CAMS_LUT_20190605/S2B_TEST_GIP_CKQLTL_S_31TJF____10005_20150703_21000101</DATA>
            <NATURE>MAJA_GIP_CKQLTL</NATURE>
          </Auxiliary_Data>
          <Auxiliary_Data>
            <DATA>GIPP_MAJA_S2_3_2_2_CAMS_LUT_20190605/S2A_TEST_GIP_L2DIFT_L_SULPHATE_50001_00000000_99999999</DATA>
            <NATURE>MAJA_GIP_L2DIFT</NATURE>
          </Auxiliary_Data>
          <Auxiliary_Data>
            <DATA>GIPP_MAJA_S2_3_2_2_CAMS_LUT_20190605/S2A_TEST_GIP_CKQLTL_S_31TJF____10005_20150703_21000101</DATA>
            <NATURE>MAJA_GIP_CKQLTL</NATURE>
          </Auxiliary_Data>
          <Auxiliary_Data>
            <DATA>GIPP_MAJA_S2_3_2_2_CAMS_LUT_20190605/S2A_TEST_GIP_L2SMAC_L_ALLSITES_10005_20150703_21000101</DATA>
            <NATURE>MAJA_GIP_L2SMAC</NATURE>
          </Auxiliary_Data>
          <Auxiliary_Data>
            <DATA>GIPP_MAJA_S2_3_2_2_CAMS_LUT_20190605/S2B_TEST_GIP_L2DIFT_L_DUST_____50001_00000000_99999999</DATA>
            <NATURE>MAJA_GIP_L2DIFT</NATURE>
          </Auxiliary_Data>
          <Auxiliary_Data>
            <DATA>GIPP_MAJA_S2_3_2_2_CAMS_LUT_20190605/S2B_TEST_GIP_L2TOCR_L_SEASALT__50001_00000000_99999999</DATA>
            <NATURE>MAJA_GIP_L2TOCR</NATURE>
          </Auxiliary_Data>
          <Auxiliary_Data>
            <DATA>GIPP_MAJA_S2_3_2_2_CAMS_LUT_20190605/S2A_TEST_GIP_L2TOCR_L_CONTINEN_10005_20150703_21000101</DATA>
            <NATURE>MAJA_GIP_L2TOCR</NATURE>
          </Auxiliary_Data>
          <Auxiliary_Data>
            <DATA>GIPP_MAJA_S2_3_2_2_CAMS_LUT_20190605/S2A_TEST_GIP_L2COMM_L_ALLSITES_10009_20150703_21000101</DATA>
            <NATURE>MAJA_GIP_L2COMM</NATURE>
          </Auxiliary_Data>
          <Auxiliary_Data>
            <DATA>GIPP_MAJA_S2_3_2_2_CAMS_LUT_20190605/S2B_TEST_GIP_L2SMAC_L_ALLSITES_10005_20150703_21000101</DATA>
            <NATURE>MAJA_GIP_L2SMAC</NATURE>
          </Auxiliary_Data>
          <Auxiliary_Data>
            <DATA>GIPP_MAJA_S2_3_2_2_CAMS_LUT_20190605/S2B_TEST_GIP_L2DIFT_L_SEASALT__50001_00000000_99999999</DATA>
            <NATURE>MAJA_GIP_L2DIFT</NATURE>
          </Auxiliary_Data>
          <Auxiliary_Data>
            <DATA>GIPP_MAJA_S2_3_2_2_CAMS_LUT_20190605/S2A_TEST_GIP_L2TOCR_L_DUST_____50001_00000000_99999999</DATA>
            <NATURE>MAJA_GIP_L2TOCR</NATURE>
          </Auxiliary_Data>
          <Auxiliary_Data>
            <DATA>GIPP_MAJA_S2_3_2_2_CAMS_LUT_20190605/S2A_TEST_GIP_L2DIRT_L_ORGANICM_50001_00000000_99999999</DATA>
            <NATURE>MAJA_GIP_L2DIRT</NATURE>
          </Auxiliary_Data>
          <Auxiliary_Data>
            <DATA>GIPP_MAJA_S2_3_2_2_CAMS_LUT_20190605/S2A_TEST_GIP_L2DIFT_L_CONTINEN_10005_20150703_21000101</DATA>
            <NATURE>MAJA_GIP_L2DIFT</NATURE>
          </Auxiliary_Data>
          <Auxiliary_Data>
            <DATA>GIPP_MAJA_S2_3_2_2_CAMS_LUT_20190605/S2A_TEST_GIP_L2DIFT_L_DUST_____50001_00000000_99999999</DATA>
            <NATURE>MAJA_GIP_L2DIFT</NATURE>
          </Auxiliary_Data>
          <Auxiliary_Data>
            <DATA>GIPP_MAJA_S2_3_2_2_CAMS_LUT_20190605/S2A_TEST_GIP_L2DIRT_L_CONTINEN_10005_20150703_21000101</DATA>
            <NATURE>MAJA_GIP_L2DIRT</NATURE>
          </Auxiliary_Data>
          <Auxiliary_Data>
            <DATA>GIPP_MAJA_S2_3_2_2_CAMS_LUT_20190605/S2B_TEST_GIP_L2ALBD_L_SULPHATE_50001_00000000_99999999</DATA>
            <NATURE>MAJA_GIP_L2ALBD</NATURE>
          </Auxiliary_Data>
          <Auxiliary_Data>
            <DATA>GIPP_MAJA_S2_3_2_2_CAMS_LUT_20190605/S2A_TEST_GIP_L2ALBD_L_DUST_____50001_00000000_99999999</DATA>
            <NATURE>MAJA_GIP_L2ALBD</NATURE>
          </Auxiliary_Data>
          <Auxiliary_Data>
            <DATA>GIPP_MAJA_S2_3_2_2_CAMS_LUT_20190605/S2A_TEST_GIP_L2ALBD_L_CONTINEN_10005_20150703_21000101</DATA>
            <NATURE>MAJA_GIP_L2ALBD</NATURE>
          </Auxiliary_Data>
          <Auxiliary_Data>
            <DATA>GIPP_MAJA_S2_3_2_2_CAMS_LUT_20190605/S2B_TEST_GIP_CKEXTL_S_31TJF____10001_20150703_21000101</DATA>
            <NATURE>MAJA_GIP_CKEXTL</NATURE>
          </Auxiliary_Data>
          <Auxiliary_Data>
            <DATA>GIPP_MAJA_S2_3_2_2_CAMS_LUT_20190605/S2B_TEST_GIP_L2DIRT_L_SEASALT__50001_00000000_99999999</DATA>
            <NATURE>MAJA_GIP_L2DIRT</NATURE>
          </Auxiliary_Data>
          <Auxiliary_Data>
            <DATA>GIPP_MAJA_S2_3_2_2_CAMS_LUT_20190605/S2A_TEST_GIP_L2DIFT_L_ORGANICM_50001_00000000_99999999</DATA>
            <NATURE>MAJA_GIP_L2DIFT</NATURE>
          </Auxiliary_Data>
          <Auxiliary_Data>
            <DATA>GIPP_MAJA_S2_3_2_2_CAMS_LUT_20190605/S2B_TEST_GIP_L2DIFT_L_BLACKCAR_50001_00000000_99999999</DATA>
            <NATURE>MAJA_GIP_L2DIFT</NATURE>
          </Auxiliary_Data>
          <Auxiliary_Data>
            <DATA>GIPP_MAJA_S2_3_2_2_CAMS_LUT_20190605/S2A_TEST_GIP_L2DIRT_L_BLACKCAR_50001_00000000_99999999</DATA>
            <NATURE>MAJA_GIP_L2DIRT</NATURE>
          </Auxiliary_Data>
          <Auxiliary_Data>
            <DATA>GIPP_MAJA_S2_3_2_2_CAMS_LUT_20190605/S2A_TEST_GIP_L2TOCR_L_BLACKCAR_50001_00000000_99999999</DATA>
            <NATURE>MAJA_GIP_L2TOCR</NATURE>
          </Auxiliary_Data>
          <Auxiliary_Data>
            <DATA>GIPP_MAJA_S2_3_2_2_CAMS_LUT_20190605/S2B_TEST_GIP_L2COMM_L_ALLSITES_10009_20150703_21000101</DATA>
            <NATURE>MAJA_GIP_L2COMM</NATURE>
          </Auxiliary_Data>
          <Auxiliary_Data>
            <DATA>GIPP_MAJA_S2_3_2_2_CAMS_LUT_20190605/S2A_TEST_GIP_CKEXTL_S_31TJF____10001_20150703_21000101</DATA>
            <NATURE>MAJA_GIP_CKEXTL</NATURE>
          </Auxiliary_Data>
          <Auxiliary_Data>
            <DATA>GIPP_MAJA_S2_3_2_2_CAMS_LUT_20190605/S2__TEST_GIP_L2SITE_S_31TJF____10001_00000000_99999999</DATA>
            <NATURE>MAJA_GIP_L2SITE</NATURE>
          </Auxiliary_Data>
          <Auxiliary_Data>
            <DATA>GIPP_MAJA_S2_3_2_2_CAMS_LUT_20190605/S2B_TEST_GIP_L2DIRT_L_DUST_____50001_00000000_99999999</DATA>
            <NATURE>MAJA_GIP_L2DIRT</NATURE>
          </Auxiliary_Data>
          <Auxiliary_Data>
            <DATA>GIPP_MAJA_S2_3_2_2_CAMS_LUT_20190605/S2A_TEST_GIP_L2DIRT_L_SULPHATE_50001_00000000_99999999</DATA>
            <NATURE>MAJA_GIP_L2DIRT</NATURE>
          </Auxiliary_Data>
          <Auxiliary_Data>
            <DATA>GIPP_MAJA_S2_3_2_2_CAMS_LUT_20190605/S2A_TEST_GIP_L2ALBD_L_BLACKCAR_50001_00000000_99999999</DATA>
            <NATURE>MAJA_GIP_L2ALBD</NATURE>
          </Auxiliary_Data>
          <Auxiliary_Data>
            <DATA>GIPP_MAJA_S2_3_2_2_CAMS_LUT_20190605/S2A_TEST_GIP_L2ALBD_L_SULPHATE_50001_00000000_99999999</DATA>
            <NATURE>MAJA_GIP_L2ALBD</NATURE>
          </Auxiliary_Data>
          <Auxiliary_Data>
            <DATA>GIPP_MAJA_S2_3_2_2_CAMS_LUT_20190605/S2A_TEST_GIP_L2TOCR_L_SULPHATE_50001_00000000_99999999</DATA>
            <NATURE>MAJA_GIP_L2TOCR</NATURE>
          </Auxiliary_Data>
          <Auxiliary_Data>
            <DATA>GIPP_MAJA_S2_3_2_2_CAMS_LUT_20190605/S2A_TEST_GIP_L2DIFT_L_BLACKCAR_50001_00000000_99999999</DATA>
            <NATURE>MAJA_GIP_L2DIFT</NATURE>
          </Auxiliary_Data>
          <Auxiliary_Data>
            <DATA>GIPP_MAJA_S2_3_2_2_CAMS_LUT_20190605/S2B_TEST_GIP_L2WATV_L_CONTINEN_10006_20150703_21000101</DATA>
            <NATURE>MAJA_GIP_L2WATV</NATURE>
          </Auxiliary_Data>
          <Auxiliary_Data>
            <DATA>GIPP_MAJA_S2_3_2_2_CAMS_LUT_20190605/S2B_TEST_GIP_L2TOCR_L_BLACKCAR_50001_00000000_99999999</DATA>
            <NATURE>MAJA_GIP_L2TOCR</NATURE>
          </Auxiliary_Data>
          <Auxiliary_Data>
            <DATA>GIPP_MAJA_S2_3_2_2_CAMS_LUT_20190605/S2B_TEST_GIP_L2ALBD_L_SEASALT__50001_00000000_99999999</DATA>
            <NATURE>MAJA_GIP_L2ALBD</NATURE>
          </Auxiliary_Data>
          <Auxiliary_Data>
            <DATA>GIPP_MAJA_S2_3_2_2_CAMS_LUT_20190605/S2B_TEST_GIP_L2DIRT_L_SULPHATE_50001_00000000_99999999</DATA>
            <NATURE>MAJA_GIP_L2DIRT</NATURE>
          </Auxiliary_Data>
          <Auxiliary_Data>
            <DATA>GIPP_MAJA_S2_3_2_2_CAMS_LUT_20190605/S2B_TEST_GIP_L2TOCR_L_CONTINEN_10002_20150703_21000101</DATA>
            <NATURE>MAJA_GIP_L2TOCR</NATURE>
          </Auxiliary_Data>
          <Auxiliary_Data>
            <DATA>GIPP_MAJA_S2_3_2_2_CAMS_LUT_20190605/S2B_TEST_GIP_L2DIFT_L_SULPHATE_50001_00000000_99999999</DATA>
            <NATURE>MAJA_GIP_L2DIFT</NATURE>
          </Auxiliary_Data>
          <Auxiliary_Data>
            <DATA>GIPP_MAJA_S2_3_2_2_CAMS_LUT_20190605/S2B_TEST_GIP_L2TOCR_L_ORGANICM_50001_00000000_99999999</DATA>
            <NATURE>MAJA_GIP_L2TOCR</NATURE>
          </Auxiliary_Data>
          <Auxiliary_Data>
            <DATA>GIPP_MAJA_S2_3_2_2_CAMS_LUT_20190605/S2A_TEST_GIP_L2DIFT_L_SEASALT__50001_00000000_99999999</DATA>
            <NATURE>MAJA_GIP_L2DIFT</NATURE>
          </Auxiliary_Data>
          <Auxiliary_Data>
            <DATA>GIPP_MAJA_S2_3_2_2_CAMS_LUT_20190605/S2A_TEST_GIP_L2ALBD_L_ORGANICM_50001_00000000_99999999</DATA>
            <NATURE>MAJA_GIP_L2ALBD</NATURE>
          </Auxiliary_Data>
          <Auxiliary_Data>
            <DATA>GIPP_MAJA_S2_3_2_2_CAMS_LUT_20190605/S2B_TEST_GIP_L2ALBD_L_DUST_____50001_00000000_99999999</DATA>
            <NATURE>MAJA_GIP_L2ALBD</NATURE>
          </Auxiliary_Data>
          <Auxiliary_Data>
            <DATA>GIPP_MAJA_S2_3_2_2_CAMS_LUT_20190605/S2A_TEST_GIP_L2DIRT_L_SEASALT__50001_00000000_99999999</DATA>
            <NATURE>MAJA_GIP_L2DIRT</NATURE>
          </Auxiliary_Data>
          <Auxiliary_Data>
            <DATA>GIPP_MAJA_S2_3_2_2_CAMS_LUT_20190605/S2B_TEST_GIP_L2ALBD_L_CONTINEN_10003_20150703_21000101</DATA>
            <NATURE>MAJA_GIP_L2ALBD</NATURE>
          </Auxiliary_Data>
          <Auxiliary_Data>
            <DATA>GIPP_MAJA_S2_3_2_2_CAMS_LUT_20190605/S2A_TEST_GIP_L2DIRT_L_DUST_____50001_00000000_99999999</DATA>
            <NATURE>MAJA_GIP_L2DIRT</NATURE>
          </Auxiliary_Data>
          <Auxiliary_Data>
            <DATA>GIPP_MAJA_S2_3_2_2_CAMS_LUT_20190605/S2A_TEST_GIP_L2TOCR_L_SEASALT__50001_00000000_99999999</DATA>
            <NATURE>MAJA_GIP_L2TOCR</NATURE>
          </Auxiliary_Data>
          <Auxiliary_Data>
            <DATA>GIPP_MAJA_S2_3_2_2_CAMS_LUT_20190605/S2B_TEST_GIP_L2TOCR_L_SULPHATE_50001_00000000_99999999</DATA>
            <NATURE>MAJA_GIP_L2TOCR</NATURE>
          </Auxiliary_Data>
          <Auxiliary_Data>
            <DATA>S2__TEST_AUX_REFDE2_T31TFJ_0001_1.0/S2__TEST_AUX_REFDE2_T31TFJ_0001</DATA>
            <NATURE>MAJA_MNT_N2</NATURE>
            <Resolution>
              <X_RESOLUTION>10.0</X_RESOLUTION>
              <Y_RESOLUTION>-10.0</Y_RESOLUTION>
            </Resolution>
            <Elevation>
              <MIN unit="m">-16</MIN>
              <MAX unit="m">1901</MAX>
              <MEAN unit="m">183.288</MEAN>
              <STD unit="m">259.572</STD>
            </Elevation>
          </Auxiliary_Data>
        </Auxiliary_Data_List>
        <Parameter_List>
          <Parameter>
            <PARAMETER_FILE>PARAM_CORR_ATM_S2_6BW_91DT_0ATT_0METEO_20190301_1.0/ParamCorrAtmo_S2_6BW_91DT_0ATT_0METEO.xml</PARAMETER_FILE>
            <NATURE>PARAM_CORRATMO</NATURE>
          </Parameter>
        </Parameter_List>
        <Processing_Informations>
          <Processing_Information>
            <NAME>Adjacency_Effects_And_Slope_Correction</NAME>
            <VALUE>true</VALUE>
          </Processing_Information>
          <Processing_Information>
            <NAME>Processing_Mode</NAME>
            <VALUE>STANDARD_MODE</VALUE>
          </Processing_Information>
          <Processing_Information>
            <NAME>Quality_check</NAME>
            <VALUE>true</VALUE>
          </Processing_Information>
          <Processing_Information>
            <NAME>CAMS_Processing</NAME>
            <VALUE>Deactivated</VALUE>
          </Processing_Information>
          <Processing_Information>
            <NAME>Cirrus_Correction</NAME>
            <VALUE>true</VALUE>
          </Processing_Information>
          <Processing_Information>
            <NAME>Validity_Flag</NAME>
            <VALUE>L2VALD</VALUE>
          </Processing_Information>
        </Processing_Informations>
      </Job>
      <Job>
        <WORKPLAN_ID>traitement_l2_20191109_746</WORKPLAN_ID>
        <STEP_ID>conv_user</STEP_ID>
        <JOB_ID>1</JOB_ID>
        <PRODUCER_NAME>MUSCATE</PRODUCER_NAME>
        <START_PRODUCTION_DATE>2019-11-09T09:41:36.893Z</START_PRODUCTION_DATE>
        <END_PRODUCTION_DATE>2019-11-09T09:42:42.466Z</END_PRODUCTION_DATE>
        <Products_List>
          <Inputs_List>
            <PRODUCT>
              <PRODUCT_ID>SENTINEL2B_20170704-103637-667_L1C_T31TFJ_C_V2-2</PRODUCT_ID>
              <ACQUISITION_DATE>2017-07-04T10:36:37.667Z</ACQUISITION_DATE>
              <PRODUCTION_DATE>2019-11-08T20:17:02.566Z</PRODUCTION_DATE>
            </PRODUCT>
          </Inputs_List>
          <References_List>
            <PRODUCT>
              <PRODUCT_ID>SENTINEL2A_20170702-104252-984_L2A_T31TFJ_C_V2-2</PRODUCT_ID>
              <ACQUISITION_DATE>2017-07-02T10:42:52.984Z</ACQUISITION_DATE>
              <PRODUCTION_DATE>2019-11-09T09:32:54.211Z</PRODUCTION_DATE>
            </PRODUCT>
          </References_List>
          <Outputs_List>
            <PRODUCT>
              <PRODUCT_ID>SENTINEL2A_20170702-104252-984_L2A_T31TFJ_C_V2-2</PRODUCT_ID>
              <ACQUISITION_DATE>2017-07-02T10:42:52.984Z</ACQUISITION_DATE>
              <PRODUCTION_DATE>2019-11-09T09:32:54.211Z</PRODUCTION_DATE>
            </PRODUCT>
            <PRODUCT>
              <PRODUCT_ID>SENTINEL2B_20170704-103637-667_L1C_T31TFJ_C_V2-2</PRODUCT_ID>
              <ACQUISITION_DATE>2017-07-04T10:36:37.667Z</ACQUISITION_DATE>
              <PRODUCTION_DATE>2019-11-09T09:42:42.270Z</PRODUCTION_DATE>
            </PRODUCT>
          </Outputs_List>
        </Products_List>
      </Job>
      <Job>
        <WORKPLAN_ID>traitement_neige_20191109_99</WORKPLAN_ID>
        <STEP_ID>neige</STEP_ID>
        <JOB_ID>1</JOB_ID>
        <PRODUCER_NAME>MUSCATE</PRODUCER_NAME>
        <START_PRODUCTION_DATE>2019-11-09T12:05:01.648Z</START_PRODUCTION_DATE>
        <END_PRODUCTION_DATE>2019-11-09T12:09:13.805Z</END_PRODUCTION_DATE>
        <Production_Facility>
          <SOFTWARE_NAME>LIS</SOFTWARE_NAME>
          <SOFTWARE_VERSION>1.4</SOFTWARE_VERSION>
        </Production_Facility>
        <Products_List>
          <Inputs_List>
            <PRODUCT>
              <PRODUCT_ID>SENTINEL2A_20170702-104252-984_L2A_T31TFJ_C_V2-2</PRODUCT_ID>
              <ACQUISITION_DATE>2017-07-02T10:42:52.984Z</ACQUISITION_DATE>
              <PRODUCTION_DATE>2019-11-09T09:32:54.211Z</PRODUCTION_DATE>
            </PRODUCT>
          </Inputs_List>
          <Outputs_List>
            <PRODUCT>
              <PRODUCT_ID>SENTINEL2A_20170702-104252-984_L2B-SNOW_T31TFJ_C_V1-7</PRODUCT_ID>
              <ACQUISITION_DATE>2017-07-02T10:42:52.984Z</ACQUISITION_DATE>
              <PRODUCTION_DATE>2019-11-09T12:09:13.116Z</PRODUCTION_DATE>
            </PRODUCT>
          </Outputs_List>
        </Products_List>
        <Auxiliary_Data_List>
          <Auxiliary_Data>
            <DATA>S2__TEST_AUX_REFDE2_T31TFJ_0001_1.0/S2__TEST_AUX_REFDE2_T31TFJ_0001</DATA>
            <NATURE>SNOW_MNT_N2</NATURE>
          </Auxiliary_Data>
        </Auxiliary_Data_List>
        <Parameter_List>
          <Parameter>
            <PARAMETER_FILE>PARAM_NEIGE_S2_LIS_1_4_20190522_1.0/Param_Neige_S2_14.txt</PARAMETER_FILE>
            <NATURE>SNOW_PARAM</NATURE>
          </Parameter>
        </Parameter_List>
      </Job>
    </Processing_Jobs_List>
  </Production_Informations>
</Muscate_Metadata_Document>
