<?xml version='1.0' encoding='UTF-8'?>
<Muscate_Metadata_Document xmlns:xsi="http://www.w3.org/2001/XMLSchema-instance" xsi:noNamespaceSchemaLocation="..\PSC-SL-411-0032-CG_Schemas\Muscate_Metadata.xsd">
  <Metadata_Identification>
    <METADATA_FORMAT version="1.16">METADATA_MUSCATE</METADATA_FORMAT>
    <METADATA_PROFILE>DISTRIBUTED</METADATA_PROFILE>
    <METADATA_INFORMATION>PUBLIC</METADATA_INFORMATION>
  </Metadata_Identification>
  <Dataset_Identification>
    <IDENTIFIER>SENTINEL2A_20160326-103406-538_L2B-SNOW_T31TGK_D</IDENTIFIER>
    <AUTHORITY>THEIA</AUTHORITY>
    <PRODUCER>MUSCATE</PRODUCER>
    <PROJECT>SENTINEL2</PROJECT>
    <GEOGRAPHICAL_ZONE type="Tile">T31TGK</GEOGRAPHICAL_ZONE>
    <TITLE>Produit de type SENTINEL2A- -  et de niveau L2B-SNOW</TITLE>
    <DESCRIPTION><![CDATA[Correpsond à la description du produit nommé SENTINEL2A_20160326-103406-538_L2B-SNOW_T31TGK_D_V1-0 ]]></DESCRIPTION>
  </Dataset_Identification>
  <Product_Characteristics>
    <PRODUCT_ID>SENTINEL2A_20160326-103406-538_L2B-SNOW_T31TGK_D_V1-0</PRODUCT_ID>
    <ACQUISITION_DATE>2016-03-26T10:34:06.538Z</ACQUISITION_DATE>
    <PRODUCTION_DATE>2017-06-30T17:56:25.13Z</PRODUCTION_DATE>
    <PRODUCT_VERSION>1.0</PRODUCT_VERSION>
    <PRODUCT_LEVEL>L2B-SNOW</PRODUCT_LEVEL>
    <PLATFORM>SENTINEL2A</PLATFORM>
    <ORBIT_NUMBER type="Orbit">3966</ORBIT_NUMBER>
    <UTC_Acquisition_Range>
      <MEAN>2016-03-26T10:34:06.538Z</MEAN>
      <DATE_PRECISION unit="s">0.001</DATE_PRECISION>
    </UTC_Acquisition_Range>
    <Band_Global_List count="1">
      <BAND_ID>B1</BAND_ID>
    </Band_Global_List>
    <Band_Group_List>
      <Group group_id="R2">
        <Band_List count="1">
          <BAND_ID>B1</BAND_ID>
        </Band_List>
      </Group>
    </Band_Group_List>
  </Product_Characteristics>
  <Product_Organisation>
    <Muscate_Product>
      <QUICKLOOK bands_id="B1">./SENTINEL2A_20160326-103406-538_L2B-SNOW_T31TGK_D_V1-0_QKL_ALL.jpg</QUICKLOOK>
      <Image_List>
        <Image>
          <Image_Properties>
            <NATURE>Composite</NATURE>
            <FORMAT>image/tiff</FORMAT>
          </Image_Properties>
          <Image_File_List>
            <IMAGE_FILE>SENTINEL2A_20160326-103406-538_L2B-SNOW_T31TGK_D_V1-0_CMP_R2.tif</IMAGE_FILE>
          </Image_File_List>
        </Image>
        <Image>
          <Image_Properties>
            <NATURE>Snow_Detection</NATURE>
            <FORMAT>image/tiff</FORMAT>
          </Image_Properties>
          <Image_File_List>
            <IMAGE_FILE>SENTINEL2A_20160326-103406-538_L2B-SNOW_T31TGK_D_V1-0_EXS_R2.tif</IMAGE_FILE>
          </Image_File_List>
        </Image>
      </Image_List>
      <Mask_List>
        <Mask>
          <Mask_Properties>
            <NATURE>Snow</NATURE>
            <FORMAT>application/octet-stream</FORMAT>
          </Mask_Properties>
          <Mask_File_List>
            <MASK_FILE band_id="B1">SENTINEL2A_20160326-103406-538_L2B-SNOW_T31TGK_D_V1-0_SNW_R2.dbf</MASK_FILE>
          </Mask_File_List>
        </Mask>
        <Mask>
          <Mask_Properties>
            <NATURE>Snow</NATURE>
            <FORMAT>application/octet-stream</FORMAT>
          </Mask_Properties>
          <Mask_File_List>
            <MASK_FILE band_id="B1">SENTINEL2A_20160326-103406-538_L2B-SNOW_T31TGK_D_V1-0_SNW_R2.prj</MASK_FILE>
          </Mask_File_List>
        </Mask>
        <Mask>
          <Mask_Properties>
            <NATURE>Snow</NATURE>
            <FORMAT>application/octet-stream</FORMAT>
          </Mask_Properties>
          <Mask_File_List>
            <MASK_FILE band_id="B1">SENTINEL2A_20160326-103406-538_L2B-SNOW_T31TGK_D_V1-0_SNW_R2.shp</MASK_FILE>
          </Mask_File_List>
        </Mask>
        <Mask>
          <Mask_Properties>
            <NATURE>Snow</NATURE>
            <FORMAT>application/octet-stream</FORMAT>
          </Mask_Properties>
          <Mask_File_List>
            <MASK_FILE band_id="B1">SENTINEL2A_20160326-103406-538_L2B-SNOW_T31TGK_D_V1-0_SNW_R2.shx</MASK_FILE>
          </Mask_File_List>
        </Mask>
        <Mask>
          <Mask_Properties>
            <NATURE>Snow</NATURE>
            <FORMAT>image/tiff</FORMAT>
          </Mask_Properties>
          <Mask_File_List>
            <MASK_FILE band_id="B1">SENTINEL2A_20160326-103406-538_L2B-SNOW_T31TGK_D_V1-0_SNW_R2.tif</MASK_FILE>
          </Mask_File_List>
        </Mask>
      </Mask_List>
    </Muscate_Product>
  </Product_Organisation>
  <Geoposition_Informations>
    <Coordinate_Reference_System>
      <GEO_TABLES>EPSG</GEO_TABLES>
      <Horizontal_Coordinate_System>
        <HORIZONTAL_CS_TYPE>PROJECTED</HORIZONTAL_CS_TYPE>
        <HORIZONTAL_CS_NAME>WGS 84 / UTM zone 31N</HORIZONTAL_CS_NAME>
        <HORIZONTAL_CS_CODE>32631</HORIZONTAL_CS_CODE>
      </Horizontal_Coordinate_System>
    </Coordinate_Reference_System>
    <Raster_CS>
      <RASTER_CS_TYPE>CELL</RASTER_CS_TYPE>
      <PIXEL_ORIGIN>0</PIXEL_ORIGIN>
    </Raster_CS>
    <Metadata_CS>
      <METADATA_CS_TYPE>CELL</METADATA_CS_TYPE>
      <PIXEL_ORIGIN>0</PIXEL_ORIGIN>
    </Metadata_CS>
    <Geopositioning>
      <Global_Geopositioning>
        <Point name="upperLeft">
          <LAT>45.1255248825</LAT>
          <LON>5.54263135723</LON>
          <X>699960.0</X>
          <Y>5000040.0</Y>
        </Point>
        <Point name="upperRight">
          <LAT>45.0859569597</LAT>
          <LON>6.93609755607</LON>
          <X>809760.0</X>
          <Y>5000040.0</Y>
        </Point>
        <Point name="lowerRight">
          <LAT>44.0997709175</LAT>
          <LON>6.8699867664</LON>
          <X>809760.0</X>
          <Y>4890240.0</Y>
        </Point>
        <Point name="lowerLeft">
          <LAT>44.1380076875</LAT>
          <LON>5.49984878899</LON>
          <X>699960.0</X>
          <Y>4890240.0</Y>
        </Point>
        <Point name="center">
          <LAT>44.6144294239</LAT>
          <LON>6.21214127691</LON>
          <X>754860.0</X>
          <Y>4945140.0</Y>
        </Point>
      </Global_Geopositioning>
      <Group_Geopositioning_List>
        <Group_Geopositioning group_id="R2">
          <ULX>699960</ULX>
          <ULY>5000040</ULY>
          <XDIM>20</XDIM>
          <YDIM>-20</YDIM>
          <NROWS>5490</NROWS>
          <NCOLS>5490</NCOLS>
        </Group_Geopositioning>
      </Group_Geopositioning_List>
    </Geopositioning>
  </Geoposition_Informations>
  <Geometric_Informations>
    <Mean_Value_List>
      <Sun_Angles>
        <ZENITH_ANGLE unit="deg">NaN</ZENITH_ANGLE>
        <AZIMUTH_ANGLE unit="deg">NaN</AZIMUTH_ANGLE>
      </Sun_Angles>
      <Incidence_Angles>
        <ZENITH_ANGLE unit="deg">NaN</ZENITH_ANGLE>
        <AZIMUTH_ANGLE unit="deg">NaN</AZIMUTH_ANGLE>
      </Incidence_Angles>
    </Mean_Value_List>
  </Geometric_Informations>
  <Radiometric_Informations>
    <Special_Values_List>
      <SPECIAL_VALUE name="no_identification">0</SPECIAL_VALUE>
      <SPECIAL_VALUE name="unkwown_identification">205</SPECIAL_VALUE>
      <SPECIAL_VALUE name="snow_identification">100</SPECIAL_VALUE>
      <SPECIAL_VALUE name="nodata">254</SPECIAL_VALUE>
    </Special_Values_List>
    <Spectral_Band_Informations_List>
      <Spectral_Band_Informations band_id="B1">
        <SPATIAL_RESOLUTION unit="m">20</SPATIAL_RESOLUTION>
      </Spectral_Band_Informations>
    </Spectral_Band_Informations_List>
  </Radiometric_Informations>
  <Quality_Informations>
    <Current_Product>
      <Product_Quality_List level="N2">
        <Product_Quality>
          <Source_Product>
            <PRODUCT_ID>SENTINEL2A_20160326-103406-538_L2A_T31TGK_C_V1-0</PRODUCT_ID>
            <ACQUISITION_DATE>2016-03-26T10:34:06.538Z</ACQUISITION_DATE>
            <PRODUCTION_DATE>2017-06-27T14:30:34.72Z</PRODUCTION_DATE>
          </Source_Product>
          <Global_Index_List>
            <QUALITY_INDEX name="CloudPercent">1</QUALITY_INDEX>
            <QUALITY_INDEX name="HotSpotDetected">false</QUALITY_INDEX>
            <QUALITY_INDEX name="RainDetected">false</QUALITY_INDEX>
            <QUALITY_INDEX name="SnowPercent">36</QUALITY_INDEX>
            <QUALITY_INDEX name="SunGlintDetected">false</QUALITY_INDEX>
          </Global_Index_List>
        </Product_Quality>
      </Product_Quality_List>
      <Product_Quality_List level="N2B_SNOW">
        <Product_Quality>
          <Source_Product>
            <PRODUCT_ID>SENTINEL2A_20160326-103406-538_L2B-SNOW_T31TGK_C_V1-0</PRODUCT_ID>
            <ACQUISITION_DATE>2016-03-26T10:34:06.538Z</ACQUISITION_DATE>
            <PRODUCTION_DATE>2017-06-30T17:39:03.69Z</PRODUCTION_DATE>
          </Source_Product>
          <Global_Index_List>
            <QUALITY_INDEX name="CloudPercent">1.16107776683</QUALITY_INDEX>
            <QUALITY_INDEX name="SnowPercent">33.7881261177</QUALITY_INDEX>
            <QUALITY_INDEX name="ZS">1341</QUALITY_INDEX>
          </Global_Index_List>
        </Product_Quality>
      </Product_Quality_List>
    </Current_Product>
  </Quality_Informations>
  <Production_Informations>
    <Processing_Jobs_List>
      <Job>
        <WORKPLAN_ID>acquisition_produits_20170616_135</WORKPLAN_ID>
        <STEP_ID>conv_hyb</STEP_ID>
        <JOB_ID>1</JOB_ID>
        <PRODUCER_NAME>MUSCATE</PRODUCER_NAME>
        <START_PRODUCTION_DATE>2017-06-16T10:16:02.48Z</START_PRODUCTION_DATE>
        <END_PRODUCTION_DATE>2017-06-16T10:40:20.92Z</END_PRODUCTION_DATE>
        <Products_List>
          <Inputs_List>
            <PRODUCT>
              <PRODUCT_ID>S2A_OPER_PRD_MSIL1C_PDMC_20160330T050601_R108_V20160326T103406_20160326T103406.SAFE</PRODUCT_ID>
              <ACQUISITION_DATE>2016-03-26T10:30:32.030Z</ACQUISITION_DATE>
              <PRODUCTION_DATE>2016-03-26T15:47:32Z</PRODUCTION_DATE>
            </PRODUCT>
          </Inputs_List>
          <Outputs_List>
            <PRODUCT>
              <PRODUCT_ID>SENTINEL2A_20160326-103406-538_L1C_T31TFJ_H_V1-0</PRODUCT_ID>
              <ACQUISITION_DATE>2016-03-26T10:34:06.538Z</ACQUISITION_DATE>
              <PRODUCTION_DATE>2017-06-16T10:16:02.96Z</PRODUCTION_DATE>
            </PRODUCT>
            <PRODUCT>
              <PRODUCT_ID>SENTINEL2A_20160326-103406-538_L1C_T31TEJ_H_V1-0</PRODUCT_ID>
              <ACQUISITION_DATE>2016-03-26T10:34:06.538Z</ACQUISITION_DATE>
              <PRODUCTION_DATE>2017-06-16T10:18:17.40Z</PRODUCTION_DATE>
            </PRODUCT>
            <PRODUCT>
              <PRODUCT_ID>SENTINEL2A_20160326-103406-538_L1C_T32TLQ_H_V1-0</PRODUCT_ID>
              <ACQUISITION_DATE>2016-03-26T10:34:06.538Z</ACQUISITION_DATE>
              <PRODUCTION_DATE>2017-06-16T10:18:48.59Z</PRODUCTION_DATE>
            </PRODUCT>
            <PRODUCT>
              <PRODUCT_ID>SENTINEL2A_20160326-103406-538_L1C_T31TFL_H_V1-0</PRODUCT_ID>
              <ACQUISITION_DATE>2016-03-26T10:34:06.538Z</ACQUISITION_DATE>
              <PRODUCTION_DATE>2017-06-16T10:21:22.30Z</PRODUCTION_DATE>
            </PRODUCT>
            <PRODUCT>
              <PRODUCT_ID>SENTINEL2A_20160326-103406-538_L1C_T31TFK_H_V1-0</PRODUCT_ID>
              <ACQUISITION_DATE>2016-03-26T10:34:06.538Z</ACQUISITION_DATE>
              <PRODUCTION_DATE>2017-06-16T10:22:56.66Z</PRODUCTION_DATE>
            </PRODUCT>
            <PRODUCT>
              <PRODUCT_ID>SENTINEL2A_20160326-103406-538_L1C_T31TGK_H_V1-0</PRODUCT_ID>
              <ACQUISITION_DATE>2016-03-26T10:34:06.538Z</ACQUISITION_DATE>
              <PRODUCTION_DATE>2017-06-16T10:24:56.54Z</PRODUCTION_DATE>
            </PRODUCT>
            <PRODUCT>
              <PRODUCT_ID>SENTINEL2A_20160326-103406-538_L1C_T31TGL_H_V1-0</PRODUCT_ID>
              <ACQUISITION_DATE>2016-03-26T10:34:06.538Z</ACQUISITION_DATE>
              <PRODUCTION_DATE>2017-06-16T10:27:29.47Z</PRODUCTION_DATE>
            </PRODUCT>
            <PRODUCT>
              <PRODUCT_ID>SENTINEL2A_20160326-103406-538_L1C_T32TMQ_H_V1-0</PRODUCT_ID>
              <ACQUISITION_DATE>2016-03-26T10:34:06.538Z</ACQUISITION_DATE>
              <PRODUCTION_DATE>2017-06-16T10:29:57.92Z</PRODUCTION_DATE>
            </PRODUCT>
            <PRODUCT>
              <PRODUCT_ID>SENTINEL2A_20160326-103406-538_L1C_T32TLP_H_V1-0</PRODUCT_ID>
              <ACQUISITION_DATE>2016-03-26T10:34:06.538Z</ACQUISITION_DATE>
              <PRODUCTION_DATE>2017-06-16T10:31:06.99Z</PRODUCTION_DATE>
            </PRODUCT>
            <PRODUCT>
              <PRODUCT_ID>SENTINEL2A_20160326-103406-538_L1C_T31TGJ_H_V1-0</PRODUCT_ID>
              <ACQUISITION_DATE>2016-03-26T10:34:06.538Z</ACQUISITION_DATE>
              <PRODUCTION_DATE>2017-06-16T10:33:12.61Z</PRODUCTION_DATE>
            </PRODUCT>
            <PRODUCT>
              <PRODUCT_ID>SENTINEL2A_20160326-103406-538_L1C_T32TMR_H_V1-0</PRODUCT_ID>
              <ACQUISITION_DATE>2016-03-26T10:34:06.538Z</ACQUISITION_DATE>
              <PRODUCTION_DATE>2017-06-16T10:35:28.39Z</PRODUCTION_DATE>
            </PRODUCT>
            <PRODUCT>
              <PRODUCT_ID>SENTINEL2A_20160326-103406-538_L1C_T32TLR_H_V1-0</PRODUCT_ID>
              <ACQUISITION_DATE>2016-03-26T10:34:06.538Z</ACQUISITION_DATE>
              <PRODUCTION_DATE>2017-06-16T10:37:14.93Z</PRODUCTION_DATE>
            </PRODUCT>
            <PRODUCT>
              <PRODUCT_ID>SENTINEL2A_20160326-103406-538_L1C_T32TMP_H_V1-0</PRODUCT_ID>
              <ACQUISITION_DATE>2016-03-26T10:34:06.538Z</ACQUISITION_DATE>
              <PRODUCTION_DATE>2017-06-16T10:39:48.17Z</PRODUCTION_DATE>
            </PRODUCT>
          </Outputs_List>
        </Products_List>
      </Job>
      <Job>
        <WORKPLAN_ID>generique_l1_20170627_213</WORKPLAN_ID>
        <STEP_ID>conv_mL1</STEP_ID>
        <JOB_ID>1</JOB_ID>
        <PRODUCER_NAME>MUSCATE</PRODUCER_NAME>
        <START_PRODUCTION_DATE>2017-06-27T14:23:51.84Z</START_PRODUCTION_DATE>
        <END_PRODUCTION_DATE>2017-06-27T14:30:42.75Z</END_PRODUCTION_DATE>
        <Products_List>
          <Inputs_List>
            <PRODUCT>
              <PRODUCT_ID>SENTINEL2A_20160326-103406-538_L1C_T31TGK_H_V1-0</PRODUCT_ID>
              <ACQUISITION_DATE>2016-03-26T10:34:06.538Z</ACQUISITION_DATE>
              <PRODUCTION_DATE>2017-06-16T10:24:56.54Z</PRODUCTION_DATE>
            </PRODUCT>
          </Inputs_List>
          <Outputs_List>
            <PRODUCT>
              <PRODUCT_ID>SENTINEL2A_20160326-103406-538_L1C_T31TGK_C_V1-0</PRODUCT_ID>
              <ACQUISITION_DATE>2016-03-26T10:34:06.538Z</ACQUISITION_DATE>
              <PRODUCTION_DATE>2017-06-27T14:30:34.72Z</PRODUCTION_DATE>
            </PRODUCT>
          </Outputs_List>
        </Products_List>
      </Job>
      <Job>
        <WORKPLAN_ID>traitement_l2_20170628_134</WORKPLAN_ID>
        <STEP_ID>corratmo</STEP_ID>
        <JOB_ID>1</JOB_ID>
        <PRODUCER_NAME>MUSCATE</PRODUCER_NAME>
        <START_PRODUCTION_DATE>2017-06-28T12:24:56.81Z</START_PRODUCTION_DATE>
        <END_PRODUCTION_DATE>2017-06-28T12:52:52.41Z</END_PRODUCTION_DATE>
        <Products_List>
          <Inputs_List>
            <PRODUCT>
              <PRODUCT_ID>SENTINEL2A_20160326-103406-538_L1C_T31TGK_C_V1-0</PRODUCT_ID>
              <ACQUISITION_DATE>2016-03-26T10:34:06.538Z</ACQUISITION_DATE>
              <PRODUCTION_DATE>2017-06-27T14:30:34.72Z</PRODUCTION_DATE>
            </PRODUCT>
          </Inputs_List>
          <References_List>
            <PRODUCT>
              <PRODUCT_ID>SENTINEL2A_20160215-103211-968_L2A_T31TGK_C_V1-0</PRODUCT_ID>
              <ACQUISITION_DATE>2016-02-15T10:32:11.968Z</ACQUISITION_DATE>
              <PRODUCTION_DATE>2017-06-28T12:05:40.20Z</PRODUCTION_DATE>
            </PRODUCT>
          </References_List>
          <Outputs_List>
            <PRODUCT>
              <PRODUCT_ID>SENTINEL2A_20160326-103406-538_L2A_T31TGK_C_V1-0</PRODUCT_ID>
              <ACQUISITION_DATE>2016-03-26T10:34:06.538Z</ACQUISITION_DATE>
              <PRODUCTION_DATE>2017-06-28T12:51:45.34Z</PRODUCTION_DATE>
            </PRODUCT>
          </Outputs_List>
        </Products_List>
        <Auxiliary_Data_List>
          <Auxiliary_Data>
            <DATA>GIPP_MACCS_512_RECETTE_247/S2A_TEST_GIP_L2DIRT_L_CONTINEN_10002_20150703_21000101</DATA>
            <NATURE>MACCS_GIP_L2DIRT</NATURE>
          </Auxiliary_Data>
          <Auxiliary_Data>
            <DATA>GIPP_MACCS_512_RECETTE_247/S2A_TEST_GIP_CKQLTL_S_ALLSITES_10005_20170224_21000101</DATA>
            <NATURE>MACCS_GIP_CKQLTL</NATURE>
          </Auxiliary_Data>
          <Auxiliary_Data>
            <DATA>GIPP_MACCS_512_RECETTE_247/S2__TEST_GIP_L2SITE_S_31TJF____10001_00000000_99999999</DATA>
            <NATURE>MACCS_GIP_L2SITE</NATURE>
          </Auxiliary_Data>
          <Auxiliary_Data>
            <DATA>GIPP_MACCS_512_RECETTE_247/S2A_TEST_GIP_L2COMM_L_ALLSITES_10007_20150703_21000101</DATA>
            <NATURE>MACCS_GIP_L2COMM</NATURE>
          </Auxiliary_Data>
          <Auxiliary_Data>
            <DATA>GIPP_MACCS_512_RECETTE_247/S2A_TEST_GIP_L2WATV_L_CONTINEN_10002_20150703_21000101</DATA>
            <NATURE>MACCS_GIP_L2WATV</NATURE>
          </Auxiliary_Data>
          <Auxiliary_Data>
            <DATA>GIPP_MACCS_512_RECETTE_247/S2A_TEST_GIP_L2SMAC_L_ALLSITES_10001_20150703_21000101</DATA>
            <NATURE>MACCS_GIP_L2SMAC</NATURE>
          </Auxiliary_Data>
          <Auxiliary_Data>
            <DATA>GIPP_MACCS_512_RECETTE_247/S2A_TEST_GIP_CKEXTL_S_MAROC____10002_20170227_21000101</DATA>
            <NATURE>MACCS_GIP_CKEXTL</NATURE>
          </Auxiliary_Data>
          <Auxiliary_Data>
            <DATA>GIPP_MACCS_512_RECETTE_247/S2A_TEST_GIP_L2DIFT_L_CONTINEN_10002_20150703_21000101</DATA>
            <NATURE>MACCS_GIP_L2DIFT</NATURE>
          </Auxiliary_Data>
          <Auxiliary_Data>
            <DATA>GIPP_MACCS_512_RECETTE_247/S2A_TEST_GIP_L2ALBD_L_CONTINEN_10003_20150703_21000101</DATA>
            <NATURE>MACCS_GIP_L2ALBD</NATURE>
          </Auxiliary_Data>
          <Auxiliary_Data>
            <DATA>GIPP_MACCS_512_RECETTE_247/S2A_TEST_GIP_L2TOCR_L_CONTINEN_10002_20150703_21000101</DATA>
            <NATURE>MACCS_GIP_L2TOCR</NATURE>
          </Auxiliary_Data>
          <Auxiliary_Data>
            <DATA>S2__TEST_AUX_REFDE2_T31TGK_0001_1.0/S2__TEST_AUX_REFDE2_T31TGK_0001</DATA>
            <NATURE>MACCS_MNT_N2</NATURE>
            <Resolution>
              <X_RESOLUTION>10.0</X_RESOLUTION>
              <Y_RESOLUTION>-10.0</Y_RESOLUTION>
            </Resolution>
            <Elevation>
              <MIN unit="m">237</MIN>
              <MAX unit="m">4053</MAX>
              <MEAN unit="m">1559.97</MEAN>
              <STD unit="m">648.035</STD>
            </Elevation>
          </Auxiliary_Data>
        </Auxiliary_Data_List>
        <Parameter_List>
          <Parameter>
            <PARAMETER_FILE>ParamCorrectionAtmospherique_Sentinel2_6BW_91DT1C_0ATT_1.0/ParamCorrectionAtmospherique_Sentinel2_6BW_91DT1C_0ATT.xml</PARAMETER_FILE>
            <NATURE>PARAM_CORRATMO</NATURE>
          </Parameter>
        </Parameter_List>
        <Processing_Informations>
          <Processing_Information>
            <NAME>Adjacency_Effects_And_Slope_Correction</NAME>
            <VALUE>true</VALUE>
          </Processing_Information>
          <Processing_Information>
            <NAME>Processing_Mode</NAME>
            <VALUE>STANDARD_MODE</VALUE>
          </Processing_Information>
          <Processing_Information>
            <NAME>Quality_check</NAME>
            <VALUE>true</VALUE>
          </Processing_Information>
          <Processing_Information>
            <NAME>Validity_Flag</NAME>
            <VALUE>L2VALD</VALUE>
          </Processing_Information>
        </Processing_Informations>
      </Job>
      <Job>
        <WORKPLAN_ID>traitement_neige_20170630_50</WORKPLAN_ID>
        <STEP_ID>neige</STEP_ID>
        <JOB_ID>1</JOB_ID>
        <PRODUCER_NAME>MUSCATE</PRODUCER_NAME>
        <START_PRODUCTION_DATE>2017-06-30T17:24:00.97Z</START_PRODUCTION_DATE>
        <END_PRODUCTION_DATE>2017-06-30T17:39:04.30Z</END_PRODUCTION_DATE>
        <Products_List>
          <Inputs_List>
            <PRODUCT>
              <PRODUCT_ID>SENTINEL2A_20160326-103406-538_L2A_T31TGK_C_V1-0</PRODUCT_ID>
              <ACQUISITION_DATE>2016-03-26T10:34:06.538Z</ACQUISITION_DATE>
              <PRODUCTION_DATE>2017-06-28T12:51:45.34Z</PRODUCTION_DATE>
            </PRODUCT>
          </Inputs_List>
          <Outputs_List>
            <PRODUCT>
              <PRODUCT_ID>SENTINEL2A_20160326-103406-538_L2B-SNOW_T31TGK_C_V1-0</PRODUCT_ID>
              <ACQUISITION_DATE>2016-03-26T10:34:06.538Z</ACQUISITION_DATE>
              <PRODUCTION_DATE>2017-06-30T17:39:03.69Z</PRODUCTION_DATE>
            </PRODUCT>
          </Outputs_List>
        </Products_List>
        <Auxiliary_Data_List>
          <Auxiliary_Data>
            <DATA>param_neige_lis_1.2_1.0/param_neige.txt</DATA>
            <NATURE>SNOW_PARAM</NATURE>
          </Auxiliary_Data>
          <Auxiliary_Data>
            <DATA>S2__TEST_AUX_REFDE2_T31TGK_0001_1.0/S2__TEST_AUX_REFDE2_T31TGK_0001</DATA>
            <NATURE>SNOW_MNT_N2</NATURE>
          </Auxiliary_Data>
        </Auxiliary_Data_List>
      </Job>
    </Processing_Jobs_List>
  </Production_Informations>
</Muscate_Metadata_Document>
