<?xml version='1.0' encoding='UTF-8'?>
<Muscate_Metadata_Document xmlns:xsi="http://www.w3.org/2001/XMLSchema-instance" xsi:noNamespaceSchemaLocation="..\PSC-SL-411-0032-CG_Schemas\Muscate_Metadata.xsd">
  <Metadata_Identification>
    <METADATA_FORMAT version="1.16">METADATA_MUSCATE</METADATA_FORMAT>
    <METADATA_PROFILE>DISTRIBUTED</METADATA_PROFILE>
    <METADATA_INFORMATION>PUBLIC</METADATA_INFORMATION>
  </Metadata_Identification>
  <Dataset_Identification>
    <IDENTIFIER>SENTINEL2A_20170709-103159-872_L2B-SNOW_T31TFJ_D</IDENTIFIER>
    <AUTHORITY>THEIA</AUTHORITY>
    <PRODUCER>MUSCATE</PRODUCER>
    <PROJECT>SENTINEL2</PROJECT>
    <GEOGRAPHICAL_ZONE type="Tile">T31TFJ</GEOGRAPHICAL_ZONE>
    <TITLE>Produit de type SENTINEL2A- -  et de niveau L2B-SNOW</TITLE>
    <DESCRIPTION><![CDATA[Correspond à la description du produit nommé SENTINEL2A_20170709-103159-872_L2B-SNOW_T31TFJ_D_V1-5 ]]></DESCRIPTION>
  </Dataset_Identification>
  <Product_Characteristics>
    <PRODUCT_ID>SENTINEL2A_20170709-103159-872_L2B-SNOW_T31TFJ_D_V1-5</PRODUCT_ID>
    <ACQUISITION_DATE>2017-07-09T10:31:59.872Z</ACQUISITION_DATE>
    <PRODUCTION_DATE>2018-03-05T12:23:52.67Z</PRODUCTION_DATE>
    <PRODUCT_VERSION>1.5</PRODUCT_VERSION>
    <PRODUCT_LEVEL>L2B-SNOW</PRODUCT_LEVEL>
    <PLATFORM>SENTINEL2A</PLATFORM>
    <ORBIT_NUMBER type="Orbit">10687</ORBIT_NUMBER>
    <UTC_Acquisition_Range>
      <MEAN>2017-07-09T10:31:59.872Z</MEAN>
      <DATE_PRECISION unit="s">0.001</DATE_PRECISION>
    </UTC_Acquisition_Range>
    <Band_Global_List count="1">
      <BAND_ID>SNW</BAND_ID>
    </Band_Global_List>
    <Band_Group_List>
      <Group group_id="R2">
        <Band_List count="1">
          <BAND_ID>SNW</BAND_ID>
        </Band_List>
      </Group>
    </Band_Group_List>
  </Product_Characteristics>
  <Product_Organisation>
    <Muscate_Product>
      <QUICKLOOK bands_id="SNW">./SENTINEL2A_20170709-103159-872_L2B-SNOW_T31TFJ_D_V1-5_QKL_ALL.jpg</QUICKLOOK>
      <Image_List>
        <Image>
          <Image_Properties>
            <NATURE>Composite</NATURE>
            <FORMAT>image/tiff</FORMAT>
          </Image_Properties>
          <Image_File_List>
            <IMAGE_FILE group_id="R2">SENTINEL2A_20170709-103159-872_L2B-SNOW_T31TFJ_D_V1-5_CMP_R2.tif</IMAGE_FILE>
          </Image_File_List>
        </Image>
        <Image>
          <Image_Properties>
            <NATURE>Snow</NATURE>
            <FORMAT>image/tiff</FORMAT>
          </Image_Properties>
          <Image_File_List>
            <IMAGE_FILE group_id="R2">SENTINEL2A_20170709-103159-872_L2B-SNOW_T31TFJ_D_V1-5_SNW_R2.tif</IMAGE_FILE>
          </Image_File_List>
        </Image>
        <Image>
          <Image_Properties>
            <NATURE>Snow</NATURE>
            <FORMAT>application/octet-stream</FORMAT>
          </Image_Properties>
          <Image_File_List>
            <IMAGE_FILE group_id="R2">SENTINEL2A_20170709-103159-872_L2B-SNOW_T31TFJ_D_V1-5_SNW_R2.dbf</IMAGE_FILE>
          </Image_File_List>
        </Image>
        <Image>
          <Image_Properties>
            <NATURE>Snow</NATURE>
            <FORMAT>application/octet-stream</FORMAT>
          </Image_Properties>
          <Image_File_List>
            <IMAGE_FILE group_id="R2">SENTINEL2A_20170709-103159-872_L2B-SNOW_T31TFJ_D_V1-5_SNW_R2.prj</IMAGE_FILE>
          </Image_File_List>
        </Image>
        <Image>
          <Image_Properties>
            <NATURE>Snow</NATURE>
            <FORMAT>application/octet-stream</FORMAT>
          </Image_Properties>
          <Image_File_List>
            <IMAGE_FILE group_id="R2">SENTINEL2A_20170709-103159-872_L2B-SNOW_T31TFJ_D_V1-5_SNW_R2.shp</IMAGE_FILE>
          </Image_File_List>
        </Image>
        <Image>
          <Image_Properties>
            <NATURE>Snow</NATURE>
            <FORMAT>application/octet-stream</FORMAT>
          </Image_Properties>
          <Image_File_List>
            <IMAGE_FILE group_id="R2">SENTINEL2A_20170709-103159-872_L2B-SNOW_T31TFJ_D_V1-5_SNW_R2.shx</IMAGE_FILE>
          </Image_File_List>
        </Image>
      </Image_List>
      <Mask_List>
        <Mask>
          <Mask_Properties>
            <NATURE>Snow_Detection</NATURE>
            <FORMAT>image/tiff</FORMAT>
            <ENCODING>byte</ENCODING>
            <ENDIANNESS>LittleEndian</ENDIANNESS>
          </Mask_Properties>
          <Mask_File_List>
            <MASK_FILE group_id="R2">MASKS/SENTINEL2A_20170709-103159-872_L2B-SNOW_T31TFJ_D_V1-5_EXS_R2.tif</MASK_FILE>
          </Mask_File_List>
        </Mask>
      </Mask_List>
      <Data_List>
        <Data>
          <Data_Properties>
            <NATURE>Histogram</NATURE>
            <FORMAT>text/csv</FORMAT>
          </Data_Properties>
          <Data_File_List>
            <DATA_FILE group_id="R2">DATA/SENTINEL2A_20170709-103159-872_L2B-SNOW_T31TFJ_D_V1-5_HIS_R2.txt</DATA_FILE>
          </Data_File_List>
        </Data>
      </Data_List>
    </Muscate_Product>
  </Product_Organisation>
  <Geoposition_Informations>
    <Coordinate_Reference_System>
      <GEO_TABLES>EPSG</GEO_TABLES>
      <Horizontal_Coordinate_System>
        <HORIZONTAL_CS_TYPE>PROJECTED</HORIZONTAL_CS_TYPE>
        <HORIZONTAL_CS_NAME>WGS 84 / UTM zone 31N</HORIZONTAL_CS_NAME>
        <HORIZONTAL_CS_CODE>32631</HORIZONTAL_CS_CODE>
      </Horizontal_Coordinate_System>
    </Coordinate_Reference_System>
    <Raster_CS>
      <RASTER_CS_TYPE>CELL</RASTER_CS_TYPE>
      <PIXEL_ORIGIN>0</PIXEL_ORIGIN>
    </Raster_CS>
    <Metadata_CS>
      <METADATA_CS_TYPE>CELL</METADATA_CS_TYPE>
      <PIXEL_ORIGIN>0</PIXEL_ORIGIN>
    </Metadata_CS>
    <Geopositioning>
      <Global_Geopositioning>
        <Point name="upperLeft">
          <LAT>44.2465509345</LAT>
          <LON>4.25248087222</LON>
          <X>600000.0</X>
          <Y>4900020.0</Y>
        </Point>
        <Point name="upperRight">
          <LAT>44.2232097399</LAT>
          <LON>5.6266459737</LON>
          <X>709800.0</X>
          <Y>4900020.0</Y>
        </Point>
        <Point name="lowerRight">
          <LAT>43.2356009597</LAT>
          <LON>5.58380827957</LON>
          <X>709800.0</X>
          <Y>4790220.0</Y>
        </Point>
        <Point name="lowerLeft">
          <LAT>43.2581553186</LAT>
          <LON>4.23203270004</LON>
          <X>600000.0</X>
          <Y>4790220.0</Y>
        </Point>
        <Point name="center">
          <LAT>43.7429332781</LAT>
          <LON>4.92374204516</LON>
          <X>654900.0</X>
          <Y>4845120.0</Y>
        </Point>
      </Global_Geopositioning>
      <Group_Geopositioning_List>
        <Group_Geopositioning group_id="R2">
          <ULX>600000</ULX>
          <ULY>4900020</ULY>
          <XDIM>20</XDIM>
          <YDIM>-20</YDIM>
          <NROWS>5490</NROWS>
          <NCOLS>5490</NCOLS>
        </Group_Geopositioning>
      </Group_Geopositioning_List>
    </Geopositioning>
  </Geoposition_Informations>
  <Geometric_Informations>
    <Mean_Value_List>
      <Sun_Angles>
        <ZENITH_ANGLE unit="deg">25.4839615687849</ZENITH_ANGLE>
        <AZIMUTH_ANGLE unit="deg">141.929759324013</AZIMUTH_ANGLE>
      </Sun_Angles>
      <Incidence_Angles>
        <ZENITH_ANGLE unit="deg">NaN</ZENITH_ANGLE>
        <AZIMUTH_ANGLE unit="deg">NaN</AZIMUTH_ANGLE>
      </Incidence_Angles>
    </Mean_Value_List>
  </Geometric_Informations>
  <Radiometric_Informations>
    <Special_Values_List>
      <SPECIAL_VALUE name="no_identification">0</SPECIAL_VALUE>
      <SPECIAL_VALUE name="snow_identification">100</SPECIAL_VALUE>
      <SPECIAL_VALUE name="unknown_identification">205</SPECIAL_VALUE>
      <SPECIAL_VALUE name="nodata">254</SPECIAL_VALUE>
    </Special_Values_List>
    <Spectral_Band_Informations_List>
      <Spectral_Band_Informations band_id="SNW">
        <SPATIAL_RESOLUTION unit="m">20</SPATIAL_RESOLUTION>
      </Spectral_Band_Informations>
    </Spectral_Band_Informations_List>
  </Radiometric_Informations>
  <Quality_Informations>
    <Current_Product>
      <Product_Quality_List level="N2">
        <Product_Quality>
          <Source_Product>
            <PRODUCT_ID>SENTINEL2A_20170709-103159-872_L2A_T31TFJ_C_V1-5</PRODUCT_ID>
            <ACQUISITION_DATE>2017-07-09T10:31:59.872Z</ACQUISITION_DATE>
            <PRODUCTION_DATE>2018-03-02T16:45:32.82Z</PRODUCTION_DATE>
          </Source_Product>
          <Global_Index_List>
            <QUALITY_INDEX name="CloudPercent">84</QUALITY_INDEX>
            <QUALITY_INDEX name="HotSpotDetected">false</QUALITY_INDEX>
            <QUALITY_INDEX name="RainDetected">false</QUALITY_INDEX>
            <QUALITY_INDEX name="SnowPercent">0</QUALITY_INDEX>
            <QUALITY_INDEX name="SunGlintDetected">false</QUALITY_INDEX>
          </Global_Index_List>
        </Product_Quality>
      </Product_Quality_List>
      <Product_Quality_List level="N2B_SNOW">
        <Product_Quality>
          <Source_Product>
            <PRODUCT_ID>SENTINEL2A_20170709-103159-872_L2B-SNOW_T31TFJ_C_V1-5</PRODUCT_ID>
            <ACQUISITION_DATE>2017-07-09T10:31:59.872Z</ACQUISITION_DATE>
            <PRODUCTION_DATE>2018-03-05T12:18:25.14Z</PRODUCTION_DATE>
          </Source_Product>
          <Global_Index_List>
            <QUALITY_INDEX name="CloudPercent">79.0228821884</QUALITY_INDEX>
            <QUALITY_INDEX name="SnowPercent">0.00867988529414</QUALITY_INDEX>
            <QUALITY_INDEX name="ZS">-1</QUALITY_INDEX>
          </Global_Index_List>
        </Product_Quality>
      </Product_Quality_List>
    </Current_Product>
  </Quality_Informations>
  <Production_Informations>
    <Processing_Jobs_List>
      <Job>
        <WORKPLAN_ID>acquisition_produits_20170710_45</WORKPLAN_ID>
        <STEP_ID>conv_hyb</STEP_ID>
        <JOB_ID>1</JOB_ID>
        <PRODUCER_NAME>MUSCATE</PRODUCER_NAME>
        <START_PRODUCTION_DATE>2017-07-10T07:48:32.798706Z</START_PRODUCTION_DATE>
        <END_PRODUCTION_DATE>2017-07-10T07:50:30.829223Z</END_PRODUCTION_DATE>
        <Products_List>
          <Inputs_List>
            <PRODUCT>
              <PRODUCT_ID>S2A_MSIL1C_20170709T103021_N0205_R108_T31TFJ_20170709T103159.SAFE</PRODUCT_ID>
              <ACQUISITION_DATE>2017-07-09T10:30:21.026Z</ACQUISITION_DATE>
              <PRODUCTION_DATE>2017-07-09T14:01:58Z</PRODUCTION_DATE>
            </PRODUCT>
          </Inputs_List>
          <Outputs_List>
            <PRODUCT>
              <PRODUCT_ID>SENTINEL2A_20170709-103159-872_L1C_T31TFJ_H_V1-0</PRODUCT_ID>
              <ACQUISITION_DATE>2017-07-09T10:31:59.872Z</ACQUISITION_DATE>
              <PRODUCTION_DATE>2017-07-10T07:48:33.185221Z</PRODUCTION_DATE>
            </PRODUCT>
          </Outputs_List>
        </Products_List>
      </Job>
      <Job>
        <WORKPLAN_ID>generique_l1_20180302_283</WORKPLAN_ID>
        <STEP_ID>conv_mL1</STEP_ID>
        <JOB_ID>1</JOB_ID>
        <PRODUCER_NAME>MUSCATE</PRODUCER_NAME>
        <START_PRODUCTION_DATE>2018-03-02T16:39:46.61Z</START_PRODUCTION_DATE>
        <END_PRODUCTION_DATE>2018-03-02T16:45:39.88Z</END_PRODUCTION_DATE>
        <Products_List>
          <Inputs_List>
            <PRODUCT>
              <PRODUCT_ID>SENTINEL2A_20170709-103159-872_L1C_T31TFJ_H_V1-0</PRODUCT_ID>
              <ACQUISITION_DATE>2017-07-09T10:31:59.872Z</ACQUISITION_DATE>
              <PRODUCTION_DATE>2017-07-10T07:48:33.185221Z</PRODUCTION_DATE>
            </PRODUCT>
          </Inputs_List>
          <Outputs_List>
            <PRODUCT>
              <PRODUCT_ID>SENTINEL2A_20170709-103159-872_L1C_T31TFJ_C_V1-5</PRODUCT_ID>
              <ACQUISITION_DATE>2017-07-09T10:31:59.872Z</ACQUISITION_DATE>
              <PRODUCTION_DATE>2018-03-02T16:45:32.82Z</PRODUCTION_DATE>
            </PRODUCT>
          </Outputs_List>
        </Products_List>
      </Job>
      <Job>
        <WORKPLAN_ID>traitement_l2_20180305_128</WORKPLAN_ID>
        <STEP_ID>corratmo</STEP_ID>
        <JOB_ID>1</JOB_ID>
        <PRODUCER_NAME>MUSCATE</PRODUCER_NAME>
        <START_PRODUCTION_DATE>2018-03-05T09:25:32.58Z</START_PRODUCTION_DATE>
        <END_PRODUCTION_DATE>2018-03-05T09:50:52.48Z</END_PRODUCTION_DATE>
        <Products_List>
          <Inputs_List>
            <PRODUCT>
              <PRODUCT_ID>SENTINEL2A_20170709-103159-872_L1C_T31TFJ_C_V1-5</PRODUCT_ID>
              <ACQUISITION_DATE>2017-07-09T10:31:59.872Z</ACQUISITION_DATE>
              <PRODUCTION_DATE>2018-03-02T16:45:32.82Z</PRODUCTION_DATE>
            </PRODUCT>
          </Inputs_List>
          <References_List>
            <PRODUCT>
              <PRODUCT_ID>SENTINEL2B_20170707-104022-457_L2A_T31TFJ_C_V1-5</PRODUCT_ID>
              <ACQUISITION_DATE>2017-07-07T10:40:22.457Z</ACQUISITION_DATE>
              <PRODUCTION_DATE>2018-03-05T09:16:34.87Z</PRODUCTION_DATE>
            </PRODUCT>
          </References_List>
          <Outputs_List>
            <PRODUCT>
              <PRODUCT_ID>SENTINEL2A_20170709-103159-872_L2A_T31TFJ_C_V1-5</PRODUCT_ID>
              <ACQUISITION_DATE>2017-07-09T10:31:59.872Z</ACQUISITION_DATE>
              <PRODUCTION_DATE>2018-03-05T09:49:21.63Z</PRODUCTION_DATE>
            </PRODUCT>
          </Outputs_List>
        </Products_List>
        <Auxiliary_Data_List>
          <Auxiliary_Data>
            <DATA>GIPP_S2AS2B_MUSCATE_MAJA_1_0_20180129/S2A_TEST_GIP_L2COMM_L_ALLSITES_10008_20150703_21000101</DATA>
            <NATURE>MAJA_GIP_L2COMM</NATURE>
          </Auxiliary_Data>
          <Auxiliary_Data>
            <DATA>GIPP_S2AS2B_MUSCATE_MAJA_1_0_20180129/S2__TEST_GIP_L2SITE_S_31TJF____10001_00000000_99999999</DATA>
            <NATURE>MAJA_GIP_L2SITE</NATURE>
          </Auxiliary_Data>
          <Auxiliary_Data>
            <DATA>GIPP_S2AS2B_MUSCATE_MAJA_1_0_20180129/S2A_TEST_GIP_L2SMAC_L_ALLSITES_10001_20150703_21000101</DATA>
            <NATURE>MAJA_GIP_L2SMAC</NATURE>
          </Auxiliary_Data>
          <Auxiliary_Data>
            <DATA>GIPP_S2AS2B_MUSCATE_MAJA_1_0_20180129/S2B_TEST_GIP_L2WATV_L_CONTINEN_10002_20150703_21000101</DATA>
            <NATURE>MAJA_GIP_L2WATV</NATURE>
          </Auxiliary_Data>
          <Auxiliary_Data>
            <DATA>GIPP_S2AS2B_MUSCATE_MAJA_1_0_20180129/S2B_TEST_GIP_L2TOCR_L_CONTINEN_10002_20150703_21000101</DATA>
            <NATURE>MAJA_GIP_L2TOCR</NATURE>
          </Auxiliary_Data>
          <Auxiliary_Data>
            <DATA>GIPP_S2AS2B_MUSCATE_MAJA_1_0_20180129/S2A_TEST_GIP_L2WATV_L_CONTINEN_10002_20150703_21000101</DATA>
            <NATURE>MAJA_GIP_L2WATV</NATURE>
          </Auxiliary_Data>
          <Auxiliary_Data>
            <DATA>GIPP_S2AS2B_MUSCATE_MAJA_1_0_20180129/S2B_TEST_GIP_L2DIFT_L_CONTINEN_10002_20150703_21000101</DATA>
            <NATURE>MAJA_GIP_L2DIFT</NATURE>
          </Auxiliary_Data>
          <Auxiliary_Data>
            <DATA>GIPP_S2AS2B_MUSCATE_MAJA_1_0_20180129/S2B_TEST_GIP_L2DIRT_L_CONTINEN_10002_20150703_21000101</DATA>
            <NATURE>MAJA_GIP_L2DIRT</NATURE>
          </Auxiliary_Data>
          <Auxiliary_Data>
            <DATA>GIPP_S2AS2B_MUSCATE_MAJA_1_0_20180129/S2B_TEST_GIP_L2COMM_L_ALLSITES_10008_20150703_21000101</DATA>
            <NATURE>MAJA_GIP_L2COMM</NATURE>
          </Auxiliary_Data>
          <Auxiliary_Data>
            <DATA>GIPP_S2AS2B_MUSCATE_MAJA_1_0_20180129/S2B_TEST_GIP_CKQLTL_S_31TJF____10005_20150703_21000101</DATA>
            <NATURE>MAJA_GIP_CKQLTL</NATURE>
          </Auxiliary_Data>
          <Auxiliary_Data>
            <DATA>GIPP_S2AS2B_MUSCATE_MAJA_1_0_20180129/S2A_TEST_GIP_L2DIRT_L_CONTINEN_10002_20150703_21000101</DATA>
            <NATURE>MAJA_GIP_L2DIRT</NATURE>
          </Auxiliary_Data>
          <Auxiliary_Data>
            <DATA>GIPP_S2AS2B_MUSCATE_MAJA_1_0_20180129/S2A_TEST_GIP_L2DIFT_L_CONTINEN_10002_20150703_21000101</DATA>
            <NATURE>MAJA_GIP_L2DIFT</NATURE>
          </Auxiliary_Data>
          <Auxiliary_Data>
            <DATA>GIPP_S2AS2B_MUSCATE_MAJA_1_0_20180129/S2A_TEST_GIP_L2ALBD_L_CONTINEN_10003_20150703_21000101</DATA>
            <NATURE>MAJA_GIP_L2ALBD</NATURE>
          </Auxiliary_Data>
          <Auxiliary_Data>
            <DATA>GIPP_S2AS2B_MUSCATE_MAJA_1_0_20180129/S2A_TEST_GIP_L2TOCR_L_CONTINEN_10002_20150703_21000101</DATA>
            <NATURE>MAJA_GIP_L2TOCR</NATURE>
          </Auxiliary_Data>
          <Auxiliary_Data>
            <DATA>GIPP_S2AS2B_MUSCATE_MAJA_1_0_20180129/S2A_TEST_GIP_CKQLTL_S_31TJF____10005_20150703_21000101</DATA>
            <NATURE>MAJA_GIP_CKQLTL</NATURE>
          </Auxiliary_Data>
          <Auxiliary_Data>
            <DATA>GIPP_S2AS2B_MUSCATE_MAJA_1_0_20180129/S2B_TEST_GIP_L2ALBD_L_CONTINEN_10003_20150703_21000101</DATA>
            <NATURE>MAJA_GIP_L2ALBD</NATURE>
          </Auxiliary_Data>
          <Auxiliary_Data>
            <DATA>GIPP_S2AS2B_MUSCATE_MAJA_1_0_20180129/S2A_TEST_GIP_CKEXTL_S_31TJF____10001_20150703_21000101</DATA>
            <NATURE>MAJA_GIP_CKEXTL</NATURE>
          </Auxiliary_Data>
          <Auxiliary_Data>
            <DATA>GIPP_S2AS2B_MUSCATE_MAJA_1_0_20180129/S2B_TEST_GIP_L2SMAC_L_ALLSITES_10001_20150703_21000101</DATA>
            <NATURE>MAJA_GIP_L2SMAC</NATURE>
          </Auxiliary_Data>
          <Auxiliary_Data>
            <DATA>GIPP_S2AS2B_MUSCATE_MAJA_1_0_20180129/S2B_TEST_GIP_CKEXTL_S_31TJF____10001_20150703_21000101</DATA>
            <NATURE>MAJA_GIP_CKEXTL</NATURE>
          </Auxiliary_Data>
          <Auxiliary_Data>
            <DATA>S2__TEST_AUX_REFDE2_T31TFJ_0001_1.0/S2__TEST_AUX_REFDE2_T31TFJ_0001</DATA>
            <NATURE>MAJA_MNT_N2</NATURE>
            <Resolution>
              <X_RESOLUTION>10.0</X_RESOLUTION>
              <Y_RESOLUTION>-10.0</Y_RESOLUTION>
            </Resolution>
            <Elevation>
              <MIN unit="m">-16</MIN>
              <MAX unit="m">1901</MAX>
              <MEAN unit="m">183.288</MEAN>
              <STD unit="m">259.572</STD>
            </Elevation>
          </Auxiliary_Data>
        </Auxiliary_Data_List>
        <Parameter_List>
          <Parameter>
            <PARAMETER_FILE>PARAM_CORR_ATM_6BW_91J_0ATT_1.0/ParamCorrectionAtmospherique_Sentinel2_6BW_91DT1C_0ATT.xml</PARAMETER_FILE>
            <NATURE>PARAM_CORRATMO</NATURE>
          </Parameter>
        </Parameter_List>
        <Processing_Informations>
          <Processing_Information>
            <NAME>Adjacency_Effects_And_Slope_Correction</NAME>
            <VALUE>true</VALUE>
          </Processing_Information>
          <Processing_Information>
            <NAME>Processing_Mode</NAME>
            <VALUE>STANDARD_MODE</VALUE>
          </Processing_Information>
          <Processing_Information>
            <NAME>Quality_check</NAME>
            <VALUE>true</VALUE>
          </Processing_Information>
          <Processing_Information>
            <NAME>Validity_Flag</NAME>
            <VALUE>L2VALD</VALUE>
          </Processing_Information>
        </Processing_Informations>
      </Job>
      <Job>
        <WORKPLAN_ID>traitement_neige_20180305_54</WORKPLAN_ID>
        <STEP_ID>neige</STEP_ID>
        <JOB_ID>1</JOB_ID>
        <PRODUCER_NAME>MUSCATE</PRODUCER_NAME>
        <START_PRODUCTION_DATE>2018-03-05T11:43:04.85Z</START_PRODUCTION_DATE>
        <END_PRODUCTION_DATE>2018-03-05T12:18:25.92Z</END_PRODUCTION_DATE>
        <Products_List>
          <Inputs_List>
            <PRODUCT>
              <PRODUCT_ID>SENTINEL2A_20170709-103159-872_L2A_T31TFJ_C_V1-5</PRODUCT_ID>
              <ACQUISITION_DATE>2017-07-09T10:31:59.872Z</ACQUISITION_DATE>
              <PRODUCTION_DATE>2018-03-05T09:49:21.63Z</PRODUCTION_DATE>
            </PRODUCT>
          </Inputs_List>
          <Outputs_List>
            <PRODUCT>
              <PRODUCT_ID>SENTINEL2A_20170709-103159-872_L2B-SNOW_T31TFJ_C_V1-5</PRODUCT_ID>
              <ACQUISITION_DATE>2017-07-09T10:31:59.872Z</ACQUISITION_DATE>
              <PRODUCTION_DATE>2018-03-05T12:18:25.14Z</PRODUCTION_DATE>
            </PRODUCT>
          </Outputs_List>
        </Products_List>
        <Auxiliary_Data_List>
          <Auxiliary_Data>
            <DATA>param_neige_S2_1.0/param_neige_S2.txt</DATA>
            <NATURE>SNOW_PARAM</NATURE>
          </Auxiliary_Data>
          <Auxiliary_Data>
            <DATA>S2__TEST_AUX_REFDE2_T31TFJ_0001_1.0/S2__TEST_AUX_REFDE2_T31TFJ_0001</DATA>
            <NATURE>SNOW_MNT_N2</NATURE>
          </Auxiliary_Data>
        </Auxiliary_Data_List>
      </Job>
    </Processing_Jobs_List>
  </Production_Informations>
</Muscate_Metadata_Document>
