<?xml version='1.0' encoding='UTF-8'?>
<Muscate_Metadata_Document xmlns:xsi="http://www.w3.org/2001/XMLSchema-instance" xsi:noNamespaceSchemaLocation="..\PSC-SL-411-0032-CG_Schemas\Muscate_Metadata.xsd">
  <Metadata_Identification>
    <METADATA_FORMAT version="1.16">METADATA_MUSCATE</METADATA_FORMAT>
    <METADATA_PROFILE>DISTRIBUTED</METADATA_PROFILE>
    <METADATA_INFORMATION>PUBLIC</METADATA_INFORMATION>
  </Metadata_Identification>
  <Dataset_Identification>
    <IDENTIFIER>SENTINEL2A_20160425-103025-458_L2B-SNOW_T31TGL_D</IDENTIFIER>
    <AUTHORITY>THEIA</AUTHORITY>
    <PRODUCER>MUSCATE</PRODUCER>
    <PROJECT>SENTINEL2</PROJECT>
    <GEOGRAPHICAL_ZONE type="Tile">T31TGL</GEOGRAPHICAL_ZONE>
    <TITLE>Produit de type SENTINEL2A- -  et de niveau L2B-SNOW</TITLE>
    <DESCRIPTION><![CDATA[Correpsond à la description du produit nommé SENTINEL2A_20160425-103025-458_L2B-SNOW_T31TGL_D_V1-0 ]]></DESCRIPTION>
  </Dataset_Identification>
  <Product_Characteristics>
    <PRODUCT_ID>SENTINEL2A_20160425-103025-458_L2B-SNOW_T31TGL_D_V1-0</PRODUCT_ID>
    <ACQUISITION_DATE>2016-04-25T10:30:25.458Z</ACQUISITION_DATE>
    <PRODUCTION_DATE>2017-07-03T09:57:46.33Z</PRODUCTION_DATE>
    <PRODUCT_VERSION>1.0</PRODUCT_VERSION>
    <PRODUCT_LEVEL>L2B-SNOW</PRODUCT_LEVEL>
    <PLATFORM>SENTINEL2A</PLATFORM>
    <ORBIT_NUMBER type="Orbit">4395</ORBIT_NUMBER>
    <UTC_Acquisition_Range>
      <MEAN>2016-04-25T10:30:25.458Z</MEAN>
      <DATE_PRECISION unit="s">0.001</DATE_PRECISION>
    </UTC_Acquisition_Range>
    <Band_Global_List count="1">
      <BAND_ID>B1</BAND_ID>
    </Band_Global_List>
    <Band_Group_List>
      <Group group_id="R2">
        <Band_List count="1">
          <BAND_ID>B1</BAND_ID>
        </Band_List>
      </Group>
    </Band_Group_List>
  </Product_Characteristics>
  <Product_Organisation>
    <Muscate_Product>
      <QUICKLOOK bands_id="B1">./SENTINEL2A_20160425-103025-458_L2B-SNOW_T31TGL_D_V1-0_QKL_ALL.jpg</QUICKLOOK>
      <Image_List>
        <Image>
          <Image_Properties>
            <NATURE>Composite</NATURE>
            <FORMAT>image/tiff</FORMAT>
          </Image_Properties>
          <Image_File_List>
            <IMAGE_FILE>SENTINEL2A_20160425-103025-458_L2B-SNOW_T31TGL_D_V1-0_CMP_R2.tif</IMAGE_FILE>
          </Image_File_List>
        </Image>
        <Image>
          <Image_Properties>
            <NATURE>Snow_Detection</NATURE>
            <FORMAT>image/tiff</FORMAT>
          </Image_Properties>
          <Image_File_List>
            <IMAGE_FILE>SENTINEL2A_20160425-103025-458_L2B-SNOW_T31TGL_D_V1-0_EXS_R2.tif</IMAGE_FILE>
          </Image_File_List>
        </Image>
      </Image_List>
      <Mask_List>
        <Mask>
          <Mask_Properties>
            <NATURE>Snow</NATURE>
            <FORMAT>application/octet-stream</FORMAT>
          </Mask_Properties>
          <Mask_File_List>
            <MASK_FILE band_id="B1">SENTINEL2A_20160425-103025-458_L2B-SNOW_T31TGL_D_V1-0_SNW_R2.dbf</MASK_FILE>
          </Mask_File_List>
        </Mask>
        <Mask>
          <Mask_Properties>
            <NATURE>Snow</NATURE>
            <FORMAT>application/octet-stream</FORMAT>
          </Mask_Properties>
          <Mask_File_List>
            <MASK_FILE band_id="B1">SENTINEL2A_20160425-103025-458_L2B-SNOW_T31TGL_D_V1-0_SNW_R2.prj</MASK_FILE>
          </Mask_File_List>
        </Mask>
        <Mask>
          <Mask_Properties>
            <NATURE>Snow</NATURE>
            <FORMAT>application/octet-stream</FORMAT>
          </Mask_Properties>
          <Mask_File_List>
            <MASK_FILE band_id="B1">SENTINEL2A_20160425-103025-458_L2B-SNOW_T31TGL_D_V1-0_SNW_R2.shp</MASK_FILE>
          </Mask_File_List>
        </Mask>
        <Mask>
          <Mask_Properties>
            <NATURE>Snow</NATURE>
            <FORMAT>application/octet-stream</FORMAT>
          </Mask_Properties>
          <Mask_File_List>
            <MASK_FILE band_id="B1">SENTINEL2A_20160425-103025-458_L2B-SNOW_T31TGL_D_V1-0_SNW_R2.shx</MASK_FILE>
          </Mask_File_List>
        </Mask>
        <Mask>
          <Mask_Properties>
            <NATURE>Snow</NATURE>
            <FORMAT>image/tiff</FORMAT>
          </Mask_Properties>
          <Mask_File_List>
            <MASK_FILE band_id="B1">SENTINEL2A_20160425-103025-458_L2B-SNOW_T31TGL_D_V1-0_SNW_R2.tif</MASK_FILE>
          </Mask_File_List>
        </Mask>
      </Mask_List>
    </Muscate_Product>
  </Product_Organisation>
  <Geoposition_Informations>
    <Coordinate_Reference_System>
      <GEO_TABLES>EPSG</GEO_TABLES>
      <Horizontal_Coordinate_System>
        <HORIZONTAL_CS_TYPE>PROJECTED</HORIZONTAL_CS_TYPE>
        <HORIZONTAL_CS_NAME>WGS 84 / UTM zone 31N</HORIZONTAL_CS_NAME>
        <HORIZONTAL_CS_CODE>32631</HORIZONTAL_CS_CODE>
      </Horizontal_Coordinate_System>
    </Coordinate_Reference_System>
    <Raster_CS>
      <RASTER_CS_TYPE>CELL</RASTER_CS_TYPE>
      <PIXEL_ORIGIN>0</PIXEL_ORIGIN>
    </Raster_CS>
    <Metadata_CS>
      <METADATA_CS_TYPE>CELL</METADATA_CS_TYPE>
      <PIXEL_ORIGIN>0</PIXEL_ORIGIN>
    </Metadata_CS>
    <Geopositioning>
      <Global_Geopositioning>
        <Point name="upperLeft">
          <LAT>46.0243650752</LAT>
          <LON>5.58354883958</LON>
          <X>699960.0</X>
          <Y>5100000.0</Y>
        </Point>
        <Point name="upperRight">
          <LAT>45.9835452061</LAT>
          <LON>6.99932055992</LON>
          <X>809760.0</X>
          <Y>5100000.0</Y>
        </Point>
        <Point name="lowerRight">
          <LAT>44.9975876117</LAT>
          <LON>6.93003339102</LON>
          <X>809760.0</X>
          <Y>4990200.0</Y>
        </Point>
        <Point name="lowerLeft">
          <LAT>45.0370344026</LAT>
          <LON>5.53870686345</LON>
          <X>699960.0</X>
          <Y>4990200.0</Y>
        </Point>
        <Point name="center">
          <LAT>45.5128136076</LAT>
          <LON>6.26290258983</LON>
          <X>754860.0</X>
          <Y>5045100.0</Y>
        </Point>
      </Global_Geopositioning>
      <Group_Geopositioning_List>
        <Group_Geopositioning group_id="R2">
          <ULX>699960</ULX>
          <ULY>5100000</ULY>
          <XDIM>20</XDIM>
          <YDIM>-20</YDIM>
          <NROWS>5490</NROWS>
          <NCOLS>5490</NCOLS>
        </Group_Geopositioning>
      </Group_Geopositioning_List>
    </Geopositioning>
  </Geoposition_Informations>
  <Geometric_Informations>
    <Mean_Value_List>
      <Sun_Angles>
        <ZENITH_ANGLE unit="deg">NaN</ZENITH_ANGLE>
        <AZIMUTH_ANGLE unit="deg">NaN</AZIMUTH_ANGLE>
      </Sun_Angles>
      <Incidence_Angles>
        <ZENITH_ANGLE unit="deg">NaN</ZENITH_ANGLE>
        <AZIMUTH_ANGLE unit="deg">NaN</AZIMUTH_ANGLE>
      </Incidence_Angles>
    </Mean_Value_List>
  </Geometric_Informations>
  <Radiometric_Informations>
    <Special_Values_List>
      <SPECIAL_VALUE name="no_identification">0</SPECIAL_VALUE>
      <SPECIAL_VALUE name="unkwown_identification">205</SPECIAL_VALUE>
      <SPECIAL_VALUE name="snow_identification">100</SPECIAL_VALUE>
      <SPECIAL_VALUE name="nodata">254</SPECIAL_VALUE>
    </Special_Values_List>
    <Spectral_Band_Informations_List>
      <Spectral_Band_Informations band_id="B1">
        <SPATIAL_RESOLUTION unit="m">20</SPATIAL_RESOLUTION>
      </Spectral_Band_Informations>
    </Spectral_Band_Informations_List>
  </Radiometric_Informations>
  <Quality_Informations>
    <Current_Product>
      <Product_Quality_List level="N2">
        <Product_Quality>
          <Source_Product>
            <PRODUCT_ID>SENTINEL2A_20160425-103025-458_L2A_T31TGL_C_V1-0</PRODUCT_ID>
            <ACQUISITION_DATE>2016-04-25T10:30:25.458Z</ACQUISITION_DATE>
            <PRODUCTION_DATE>2017-06-27T14:34:27.32Z</PRODUCTION_DATE>
          </Source_Product>
          <Global_Index_List>
            <QUALITY_INDEX name="CloudPercent">30</QUALITY_INDEX>
            <QUALITY_INDEX name="HotSpotDetected">false</QUALITY_INDEX>
            <QUALITY_INDEX name="RainDetected">false</QUALITY_INDEX>
            <QUALITY_INDEX name="SnowPercent">23</QUALITY_INDEX>
            <QUALITY_INDEX name="SunGlintDetected">false</QUALITY_INDEX>
          </Global_Index_List>
        </Product_Quality>
      </Product_Quality_List>
      <Product_Quality_List level="N2B_SNOW">
        <Product_Quality>
          <Source_Product>
            <PRODUCT_ID>SENTINEL2A_20160425-103025-458_L2B-SNOW_T31TGL_C_V1-0</PRODUCT_ID>
            <ACQUISITION_DATE>2016-04-25T10:30:25.458Z</ACQUISITION_DATE>
            <PRODUCTION_DATE>2017-07-03T09:06:37.45Z</PRODUCTION_DATE>
          </Source_Product>
          <Global_Index_List>
            <QUALITY_INDEX name="CloudPercent">29.3982634431</QUALITY_INDEX>
            <QUALITY_INDEX name="SnowPercent">26.030484305</QUALITY_INDEX>
            <QUALITY_INDEX name="ZS">1291</QUALITY_INDEX>
          </Global_Index_List>
        </Product_Quality>
      </Product_Quality_List>
    </Current_Product>
  </Quality_Informations>
  <Production_Informations>
    <Processing_Jobs_List>
      <Job>
        <WORKPLAN_ID>acquisition_produits_20170616_162</WORKPLAN_ID>
        <STEP_ID>conv_hyb</STEP_ID>
        <JOB_ID>1</JOB_ID>
        <PRODUCER_NAME>MUSCATE</PRODUCER_NAME>
        <START_PRODUCTION_DATE>2017-06-16T12:54:30.74Z</START_PRODUCTION_DATE>
        <END_PRODUCTION_DATE>2017-06-16T13:18:59.32Z</END_PRODUCTION_DATE>
        <Products_List>
          <Inputs_List>
            <PRODUCT>
              <PRODUCT_ID>S2A_OPER_PRD_MSIL1C_PDMC_20160425T185203_R108_V20160425T103025_20160425T103025.SAFE</PRODUCT_ID>
              <ACQUISITION_DATE>2016-04-25T10:30:22.030Z</ACQUISITION_DATE>
              <PRODUCTION_DATE>2016-04-25T14:29:23Z</PRODUCTION_DATE>
            </PRODUCT>
          </Inputs_List>
          <Outputs_List>
            <PRODUCT>
              <PRODUCT_ID>SENTINEL2A_20160425-103025-458_L1C_T32TMR_H_V1-0</PRODUCT_ID>
              <ACQUISITION_DATE>2016-04-25T10:30:25.458Z</ACQUISITION_DATE>
              <PRODUCTION_DATE>2017-06-16T12:54:31.25Z</PRODUCTION_DATE>
            </PRODUCT>
            <PRODUCT>
              <PRODUCT_ID>SENTINEL2A_20160425-103025-458_L1C_T32TMQ_H_V1-0</PRODUCT_ID>
              <ACQUISITION_DATE>2016-04-25T10:30:25.458Z</ACQUISITION_DATE>
              <PRODUCTION_DATE>2017-06-16T12:56:13.32Z</PRODUCTION_DATE>
            </PRODUCT>
            <PRODUCT>
              <PRODUCT_ID>SENTINEL2A_20160425-103025-458_L1C_T31TGL_H_V1-0</PRODUCT_ID>
              <ACQUISITION_DATE>2016-04-25T10:30:25.458Z</ACQUISITION_DATE>
              <PRODUCTION_DATE>2017-06-16T12:57:22.73Z</PRODUCTION_DATE>
            </PRODUCT>
            <PRODUCT>
              <PRODUCT_ID>SENTINEL2A_20160425-103025-458_L1C_T31TGJ_H_V1-0</PRODUCT_ID>
              <ACQUISITION_DATE>2016-04-25T10:30:25.458Z</ACQUISITION_DATE>
              <PRODUCTION_DATE>2017-06-16T12:59:54.75Z</PRODUCTION_DATE>
            </PRODUCT>
            <PRODUCT>
              <PRODUCT_ID>SENTINEL2A_20160425-103025-458_L1C_T32TMP_H_V1-0</PRODUCT_ID>
              <ACQUISITION_DATE>2016-04-25T10:30:25.458Z</ACQUISITION_DATE>
              <PRODUCTION_DATE>2017-06-16T13:02:12.52Z</PRODUCTION_DATE>
            </PRODUCT>
            <PRODUCT>
              <PRODUCT_ID>SENTINEL2A_20160425-103025-458_L1C_T32TLQ_H_V1-0</PRODUCT_ID>
              <ACQUISITION_DATE>2016-04-25T10:30:25.458Z</ACQUISITION_DATE>
              <PRODUCTION_DATE>2017-06-16T13:02:46.47Z</PRODUCTION_DATE>
            </PRODUCT>
            <PRODUCT>
              <PRODUCT_ID>SENTINEL2A_20160425-103025-458_L1C_T32TLR_H_V1-0</PRODUCT_ID>
              <ACQUISITION_DATE>2016-04-25T10:30:25.458Z</ACQUISITION_DATE>
              <PRODUCTION_DATE>2017-06-16T13:05:19.11Z</PRODUCTION_DATE>
            </PRODUCT>
            <PRODUCT>
              <PRODUCT_ID>SENTINEL2A_20160425-103025-458_L1C_T31TFL_H_V1-0</PRODUCT_ID>
              <ACQUISITION_DATE>2016-04-25T10:30:25.458Z</ACQUISITION_DATE>
              <PRODUCTION_DATE>2017-06-16T13:07:51.44Z</PRODUCTION_DATE>
            </PRODUCT>
            <PRODUCT>
              <PRODUCT_ID>SENTINEL2A_20160425-103025-458_L1C_T31TFK_H_V1-0</PRODUCT_ID>
              <ACQUISITION_DATE>2016-04-25T10:30:25.458Z</ACQUISITION_DATE>
              <PRODUCTION_DATE>2017-06-16T13:09:27.75Z</PRODUCTION_DATE>
            </PRODUCT>
            <PRODUCT>
              <PRODUCT_ID>SENTINEL2A_20160425-103025-458_L1C_T31TFJ_H_V1-0</PRODUCT_ID>
              <ACQUISITION_DATE>2016-04-25T10:30:25.458Z</ACQUISITION_DATE>
              <PRODUCTION_DATE>2017-06-16T13:11:31.58Z</PRODUCTION_DATE>
            </PRODUCT>
            <PRODUCT>
              <PRODUCT_ID>SENTINEL2A_20160425-103025-458_L1C_T31TGK_H_V1-0</PRODUCT_ID>
              <ACQUISITION_DATE>2016-04-25T10:30:25.458Z</ACQUISITION_DATE>
              <PRODUCTION_DATE>2017-06-16T13:13:49.30Z</PRODUCTION_DATE>
            </PRODUCT>
            <PRODUCT>
              <PRODUCT_ID>SENTINEL2A_20160425-103025-458_L1C_T32TLP_H_V1-0</PRODUCT_ID>
              <ACQUISITION_DATE>2016-04-25T10:30:25.458Z</ACQUISITION_DATE>
              <PRODUCTION_DATE>2017-06-16T13:16:16.74Z</PRODUCTION_DATE>
            </PRODUCT>
            <PRODUCT>
              <PRODUCT_ID>SENTINEL2A_20160425-103025-458_L1C_T31TEJ_H_V1-0</PRODUCT_ID>
              <ACQUISITION_DATE>2016-04-25T10:30:25.458Z</ACQUISITION_DATE>
              <PRODUCTION_DATE>2017-06-16T13:18:27.32Z</PRODUCTION_DATE>
            </PRODUCT>
          </Outputs_List>
        </Products_List>
      </Job>
      <Job>
        <WORKPLAN_ID>generique_l1_20170627_242</WORKPLAN_ID>
        <STEP_ID>conv_mL1</STEP_ID>
        <JOB_ID>1</JOB_ID>
        <PRODUCER_NAME>MUSCATE</PRODUCER_NAME>
        <START_PRODUCTION_DATE>2017-06-27T14:27:44.97Z</START_PRODUCTION_DATE>
        <END_PRODUCTION_DATE>2017-06-27T14:34:33.49Z</END_PRODUCTION_DATE>
        <Products_List>
          <Inputs_List>
            <PRODUCT>
              <PRODUCT_ID>SENTINEL2A_20160425-103025-458_L1C_T31TGL_H_V1-0</PRODUCT_ID>
              <ACQUISITION_DATE>2016-04-25T10:30:25.458Z</ACQUISITION_DATE>
              <PRODUCTION_DATE>2017-06-16T12:57:22.73Z</PRODUCTION_DATE>
            </PRODUCT>
          </Inputs_List>
          <Outputs_List>
            <PRODUCT>
              <PRODUCT_ID>SENTINEL2A_20160425-103025-458_L1C_T31TGL_C_V1-0</PRODUCT_ID>
              <ACQUISITION_DATE>2016-04-25T10:30:25.458Z</ACQUISITION_DATE>
              <PRODUCTION_DATE>2017-06-27T14:34:27.32Z</PRODUCTION_DATE>
            </PRODUCT>
          </Outputs_List>
        </Products_List>
      </Job>
      <Job>
        <WORKPLAN_ID>traitement_l2_20170628_168</WORKPLAN_ID>
        <STEP_ID>corratmo</STEP_ID>
        <JOB_ID>1</JOB_ID>
        <PRODUCER_NAME>MUSCATE</PRODUCER_NAME>
        <START_PRODUCTION_DATE>2017-06-28T14:15:21.99Z</START_PRODUCTION_DATE>
        <END_PRODUCTION_DATE>2017-06-28T14:43:46.92Z</END_PRODUCTION_DATE>
        <Products_List>
          <Inputs_List>
            <PRODUCT>
              <PRODUCT_ID>SENTINEL2A_20160425-103025-458_L1C_T31TGL_C_V1-0</PRODUCT_ID>
              <ACQUISITION_DATE>2016-04-25T10:30:25.458Z</ACQUISITION_DATE>
              <PRODUCTION_DATE>2017-06-27T14:34:27.32Z</PRODUCTION_DATE>
            </PRODUCT>
          </Inputs_List>
          <References_List>
            <PRODUCT>
              <PRODUCT_ID>SENTINEL2A_20160415-103022-461_L2A_T31TGL_C_V1-0</PRODUCT_ID>
              <ACQUISITION_DATE>2016-04-15T10:30:22.461Z</ACQUISITION_DATE>
              <PRODUCTION_DATE>2017-06-28T13:24:53.50Z</PRODUCTION_DATE>
            </PRODUCT>
          </References_List>
          <Outputs_List>
            <PRODUCT>
              <PRODUCT_ID>SENTINEL2A_20160425-103025-458_L2A_T31TGL_C_V1-0</PRODUCT_ID>
              <ACQUISITION_DATE>2016-04-25T10:30:25.458Z</ACQUISITION_DATE>
              <PRODUCTION_DATE>2017-06-28T14:42:50.26Z</PRODUCTION_DATE>
            </PRODUCT>
          </Outputs_List>
        </Products_List>
        <Auxiliary_Data_List>
          <Auxiliary_Data>
            <DATA>GIPP_MACCS_512_RECETTE_247/S2A_TEST_GIP_L2DIRT_L_CONTINEN_10002_20150703_21000101</DATA>
            <NATURE>MACCS_GIP_L2DIRT</NATURE>
          </Auxiliary_Data>
          <Auxiliary_Data>
            <DATA>GIPP_MACCS_512_RECETTE_247/S2A_TEST_GIP_CKQLTL_S_ALLSITES_10005_20170224_21000101</DATA>
            <NATURE>MACCS_GIP_CKQLTL</NATURE>
          </Auxiliary_Data>
          <Auxiliary_Data>
            <DATA>GIPP_MACCS_512_RECETTE_247/S2__TEST_GIP_L2SITE_S_31TJF____10001_00000000_99999999</DATA>
            <NATURE>MACCS_GIP_L2SITE</NATURE>
          </Auxiliary_Data>
          <Auxiliary_Data>
            <DATA>GIPP_MACCS_512_RECETTE_247/S2A_TEST_GIP_L2COMM_L_ALLSITES_10007_20150703_21000101</DATA>
            <NATURE>MACCS_GIP_L2COMM</NATURE>
          </Auxiliary_Data>
          <Auxiliary_Data>
            <DATA>GIPP_MACCS_512_RECETTE_247/S2A_TEST_GIP_L2WATV_L_CONTINEN_10002_20150703_21000101</DATA>
            <NATURE>MACCS_GIP_L2WATV</NATURE>
          </Auxiliary_Data>
          <Auxiliary_Data>
            <DATA>GIPP_MACCS_512_RECETTE_247/S2A_TEST_GIP_L2SMAC_L_ALLSITES_10001_20150703_21000101</DATA>
            <NATURE>MACCS_GIP_L2SMAC</NATURE>
          </Auxiliary_Data>
          <Auxiliary_Data>
            <DATA>GIPP_MACCS_512_RECETTE_247/S2A_TEST_GIP_CKEXTL_S_MAROC____10002_20170227_21000101</DATA>
            <NATURE>MACCS_GIP_CKEXTL</NATURE>
          </Auxiliary_Data>
          <Auxiliary_Data>
            <DATA>GIPP_MACCS_512_RECETTE_247/S2A_TEST_GIP_L2DIFT_L_CONTINEN_10002_20150703_21000101</DATA>
            <NATURE>MACCS_GIP_L2DIFT</NATURE>
          </Auxiliary_Data>
          <Auxiliary_Data>
            <DATA>GIPP_MACCS_512_RECETTE_247/S2A_TEST_GIP_L2ALBD_L_CONTINEN_10003_20150703_21000101</DATA>
            <NATURE>MACCS_GIP_L2ALBD</NATURE>
          </Auxiliary_Data>
          <Auxiliary_Data>
            <DATA>GIPP_MACCS_512_RECETTE_247/S2A_TEST_GIP_L2TOCR_L_CONTINEN_10002_20150703_21000101</DATA>
            <NATURE>MACCS_GIP_L2TOCR</NATURE>
          </Auxiliary_Data>
          <Auxiliary_Data>
            <DATA>S2__TEST_AUX_REFDE2_T31TGL_0001_1.0/S2__TEST_AUX_REFDE2_T31TGL_0001</DATA>
            <NATURE>MACCS_MNT_N2</NATURE>
            <Resolution>
              <X_RESOLUTION>10.0</X_RESOLUTION>
              <Y_RESOLUTION>-10.0</Y_RESOLUTION>
            </Resolution>
            <Elevation>
              <MIN unit="m">182</MIN>
              <MAX unit="m">4719</MAX>
              <MEAN unit="m">1360.85</MEAN>
              <STD unit="m">802.781</STD>
            </Elevation>
          </Auxiliary_Data>
        </Auxiliary_Data_List>
        <Parameter_List>
          <Parameter>
            <PARAMETER_FILE>ParamCorrectionAtmospherique_Sentinel2_6BW_91DT1C_0ATT_1.0/ParamCorrectionAtmospherique_Sentinel2_6BW_91DT1C_0ATT.xml</PARAMETER_FILE>
            <NATURE>PARAM_CORRATMO</NATURE>
          </Parameter>
        </Parameter_List>
        <Processing_Informations>
          <Processing_Information>
            <NAME>Adjacency_Effects_And_Slope_Correction</NAME>
            <VALUE>true</VALUE>
          </Processing_Information>
          <Processing_Information>
            <NAME>Processing_Mode</NAME>
            <VALUE>STANDARD_MODE</VALUE>
          </Processing_Information>
          <Processing_Information>
            <NAME>Quality_check</NAME>
            <VALUE>true</VALUE>
          </Processing_Information>
          <Processing_Information>
            <NAME>Validity_Flag</NAME>
            <VALUE>L2VALD</VALUE>
          </Processing_Information>
        </Processing_Informations>
      </Job>
      <Job>
        <WORKPLAN_ID>traitement_neige_20170703_501</WORKPLAN_ID>
        <STEP_ID>neige</STEP_ID>
        <JOB_ID>1</JOB_ID>
        <PRODUCER_NAME>MUSCATE</PRODUCER_NAME>
        <START_PRODUCTION_DATE>2017-07-03T09:03:47.82Z</START_PRODUCTION_DATE>
        <END_PRODUCTION_DATE>2017-07-03T09:06:37.60Z</END_PRODUCTION_DATE>
        <Products_List>
          <Inputs_List>
            <PRODUCT>
              <PRODUCT_ID>SENTINEL2A_20160425-103025-458_L2A_T31TGL_C_V1-0</PRODUCT_ID>
              <ACQUISITION_DATE>2016-04-25T10:30:25.458Z</ACQUISITION_DATE>
              <PRODUCTION_DATE>2017-06-28T14:42:50.26Z</PRODUCTION_DATE>
            </PRODUCT>
          </Inputs_List>
          <Outputs_List>
            <PRODUCT>
              <PRODUCT_ID>SENTINEL2A_20160425-103025-458_L2B-SNOW_T31TGL_C_V1-0</PRODUCT_ID>
              <ACQUISITION_DATE>2016-04-25T10:30:25.458Z</ACQUISITION_DATE>
              <PRODUCTION_DATE>2017-07-03T09:06:37.45Z</PRODUCTION_DATE>
            </PRODUCT>
          </Outputs_List>
        </Products_List>
        <Auxiliary_Data_List>
          <Auxiliary_Data>
            <DATA>param_neige_lis_1.2_1.0/param_neige.txt</DATA>
            <NATURE>SNOW_PARAM</NATURE>
          </Auxiliary_Data>
          <Auxiliary_Data>
            <DATA>S2__TEST_AUX_REFDE2_T31TGL_0001_1.0/S2__TEST_AUX_REFDE2_T31TGL_0001</DATA>
            <NATURE>SNOW_MNT_N2</NATURE>
          </Auxiliary_Data>
        </Auxiliary_Data_List>
      </Job>
    </Processing_Jobs_List>
  </Production_Informations>
</Muscate_Metadata_Document>
